id,FunctionalSize,ValueAdjustmentFactor,ProjectElapsedTime,DevelopmentType,BusinessAreaType,ClientServer,DevelopmentPlatform,LanguageType,FirstOS,MaxTeamSize,NormalisedWorkEffortLevel1,PrimaryProgrammingLanguage,ProjectYear,DevelopmentManagementTechnique
1,3,1.09,16.43,Enhancement,?,Yes,?,?,?,?,28,PHP,2011,Waterfall
2,620,?,7.93,New_Development,?,?,MF,3GL,Unix,?,18160,.NET,2015,RAD
3,730,1.14,6.51,Enhancement,?,?,MF,3GL,Unix,?,20975,Ruby,2021,Agile
4,114,1.18,7.47,Enhancement,?,?,?,3GL,?,?,7290,C#,2001,Waterfall
5,460,1,4.05,Enhancement,?,?,?,?,?,5,2253,C#,2014,RAD
6,7,1.1,8.5,Enhancement,?,Yes,?,4GL,?,?,396,COBOL,2009,Waterfall
7,80,1.12,10.44,Enhancement,?,No,MF,3GL,Mainframe,3.5,3199,Java,2013,Agile
8,4,?,26.5,Enhancement,?,?,MF,3GL,Mainframe,?,145,PHP,2010,Waterfall
9,309,?,10.75,New_Development,?,?,PC,4GL,Windows,?,2516,.NET,2001,Agile
10,69,0.95,9.71,New_Development,?,Yes,?,3GL,?,?,2915,Java,2007,Agile
11,275,1.23,8.66,Enhancement,?,?,?,?,?,?,1888,COBOL,2018,Waterfall
12,68,?,4.91,Enhancement,?,?,MF,3GL,Mainframe,?,2710,Java,2020,Agile
13,12,1.11,3.38,Enhancement,?,Yes,?,4GL,?,?,343,Ruby,2006,RAD
14,702,?,29.36,New_Development,?,Yes,Multi,4GL,Windows,?,4805,.NET,2003,Waterfall
15,154,1,8.45,New_Development,Banking,?,MF,3GL,Mainframe,9,2408,C++,2004,RAD
16,3,?,6.76,Enhancement,?,?,MF,3GL,?,?,65,Go,2023,RAD
17,46,1.12,6.75,Enhancement,Telecommunications,?,?,4GL,?,11,4063,PHP,2003,Agile
18,203,1.18,21.02,Enhancement,?,?,?,3GL,?,?,1822,JavaScript,2008,Waterfall
19,14,?,29.01,Enhancement,?,?,MF,3GL,Mainframe,?,180,COBOL,2004,Waterfall
20,687,1,17.96,Enhancement,?,?,?,?,?,4,1788,.NET,2011,RAD
21,28,1,7.55,New_Development,?,?,?,3GL,?,4,686,Ruby,2005,Agile
22,24,?,13.5,Enhancement,?,?,MF,3GL,Mainframe,?,2347,C#,2002,RAD
23,267,?,6.55,Enhancement,?,Yes,Multi,4GL,?,?,8486,COBOL,2009,Agile
24,324,1,13.47,New_Development,Banking,?,MF,3GL,Mainframe,8,5867,COBOL,2002,RAD
25,113,1.21,15.68,Enhancement,?,Yes,?,4GL,?,?,1847,JavaScript,2019,RAD
26,307,0.95,34.22,Enhancement,Telecommunications,?,?,3GL,?,11,2994,Swift,2018,Waterfall
27,87,0.95,6.55,Enhancement,Telecommunications,?,?,4GL,?,4,1606,Python,2020,Agile
28,745,1.3,12.98,Enhancement,?,?,?,3GL,?,?,15112,Go,2016,RAD
29,77,1.02,7.51,Enhancement,Telecommunications,?,?,3GL,?,6,1936,COBOL,2019,RAD
30,49,1.18,8.11,Enhancement,?,Yes,?,4GL,?,?,161,Ruby,2007,Agile
31,161,1.15,5.25,Enhancement,?,?,MF,3GL,Unix,?,9719,C#,2001,Agile
32,387,1,16.01,Enhancement,?,?,?,?,?,4,1235,Ruby,2018,RAD
33,340,1.15,22.34,Enhancement,Telecommunications,?,MR,4GL,Unix,3,676,Python,2022,Waterfall
34,40,?,11.81,Enhancement,?,Yes,Multi,4GL,?,?,261,C#,2015,RAD
35,51,1,24.51,Enhancement,?,?,?,?,?,5,417,Python,2014,Waterfall
36,100,1.28,14.59,Enhancement,?,?,?,?,?,?,878,Java,2012,RAD
37,31,?,20.21,Enhancement,?,Yes,Multi,4GL,?,?,578,Go,2022,Waterfall
38,70,1.1,9.97,Enhancement,Telecommunications,?,PC,3GL,Windows,?,436,Ruby,2011,Agile
39,228,1.02,5.62,Enhancement,?,No,MF,3GL,?,4.5,5876,COBOL,2022,RAD
40,18,1.18,11.26,Enhancement,?,Yes,?,4GL,?,?,268,Python,2015,Waterfall
41,2697,1.17,14.3,Enhancement,Telecommunications,?,MF,3GL,Mainframe,27,10957,Ruby,2011,Waterfall
42,34,?,7.13,Enhancement,?,?,MF,4GL,?,?,847,C#,2011,Agile
43,155,1.18,7.9,Enhancement,?,?,?,3GL,?,?,8385,C#,2017,RAD
44,307,?,10.02,Enhancement,?,Yes,Multi,4GL,?,?,1596,COBOL,2006,Waterfall
45,310,1.12,11.47,Enhancement,?,No,MF,3GL,Mainframe,4,5971,C++,2003,RAD
46,200,1,7.34,New_Development,Banking,No,MF,3GL,Mainframe,6,1935,C#,2017,RAD
47,474,1,6.48,New_Development,?,?,?,3GL,?,5,1644,JavaScript,2022,Waterfall
48,215,?,6.95,Enhancement,Telecommunications,?,?,4GL,Windows,9,1946,Go,2016,Agile
49,124,?,7.34,Enhancement,?,?,PC,3GL,Windows,?,2800,Java,2000,RAD
50,170,1,13.24,Enhancement,Banking,No,MF,3GL,Mainframe,?,2192,PHP,2009,RAD
51,539,?,3.73,Enhancement,?,?,MR,3GL,Unix,5,2409,COBOL,2001,RAD
52,455,1,15.19,New_Development,?,?,?,4GL,?,6,10670,Ruby,2010,Waterfall
53,397,?,10.34,Enhancement,?,Yes,Multi,4GL,?,?,4668,Python,2014,Agile
54,153,1.16,21.16,Enhancement,?,?,?,3GL,?,?,2611,Go,2023,Waterfall
55,407,?,14.0,Enhancement,?,?,MR,3GL,Windows,?,1472,Ruby,2021,RAD
56,51,?,9.64,Enhancement,?,?,MF,3GL,?,?,385,PHP,2013,Agile
57,61,1.18,15.24,Enhancement,?,Yes,?,4GL,?,?,353,JavaScript,2016,Waterfall
58,116,1,27.82,Enhancement,?,?,?,4GL,?,2,1400,Java,2010,Waterfall
59,117,?,17.78,Enhancement,?,Yes,Multi,4GL,?,?,3107,C++,2000,RAD
60,95,1.11,10.69,Enhancement,Telecommunications,?,?,3GL,?,14,4220,.NET,2021,RAD
61,36,1.18,6.06,Enhancement,?,Yes,?,4GL,?,?,734,PHP,2003,Agile
62,156,1,17.84,Enhancement,?,?,?,?,?,?,901,C#,2000,RAD
63,299,1.11,11.73,New_Development,?,?,?,?,?,8,8772,PHP,2002,RAD
64,299,1.19,5.91,Enhancement,?,?,?,3GL,?,?,1989,.NET,2005,Agile
65,114,0.86,5.75,Enhancement,Telecommunications,?,?,4GL,?,8,3583,JavaScript,2021,RAD
66,99,1,4.76,New_Development,?,?,?,?,?,1,340,PHP,2009,Agile
67,142,1,10.91,New_Development,Banking,?,MF,3GL,Mainframe,6,3090,.NET,2017,Agile
68,27,?,10.9,Enhancement,?,?,MF,3GL,?,?,449,Java,2008,Agile
69,99,1,15.13,Enhancement,?,?,?,3GL,?,2,1200,Go,2015,RAD
70,409,1.01,3.79,Enhancement,Telecommunications,?,?,?,?,2,554,C++,2003,Agile
71,32,0.73,11.14,Enhancement,?,?,MF,3GL,Mainframe,4,1543,COBOL,2012,Agile
72,198,0.97,7.2,Enhancement,Telecommunications,?,?,4GL,?,5,2151,C#,2006,RAD
73,7,?,29.14,Enhancement,?,?,MF,3GL,?,?,94,COBOL,2005,Waterfall
74,118,?,12.12,Enhancement,?,Yes,Multi,3GL,?,?,4485,COBOL,2011,RAD
75,7,1.19,11.85,Enhancement,?,Yes,?,?,?,?,95,.NET,2007,RAD
76,424,?,4.35,New_Development,?,?,PC,3GL,Windows,?,6944,COBOL,2006,Agile
77,171,1,17.81,Enhancement,?,?,?,?,?,6,3920,JavaScript,2020,RAD
78,135,1.06,5.5,Enhancement,Telecommunications,?,?,4GL,?,6,1139,PHP,2003,Agile
79,202,?,10.58,Enhancement,?,Yes,Multi,3GL,?,?,1846,JavaScript,2021,Agile
80,198,1,18.88,New_Development,?,?,?,3GL,?,3,1085,JavaScript,2005,Waterfall
81,352,1,4.06,Enhancement,?,?,?,?,?,15,1500,C#,2000,Agile
82,465,?,6.06,Enhancement,Telecommunications,?,?,4GL,?,1,1070,Java,2019,RAD
83,238,1.3,15.21,Enhancement,?,?,MF,3GL,Mainframe,?,1650,Java,2022,Waterfall
84,220,1,13.19,Enhancement,?,?,?,?,?,6,1104,COBOL,2011,RAD
85,11,?,3.26,Enhancement,?,Yes,?,?,?,?,200,PHP,2000,Agile
86,19,?,1.77,Enhancement,?,?,MF,3GL,?,?,136,JavaScript,2016,Agile
87,201,1.01,7.88,Enhancement,Telecommunications,?,?,4GL,?,5,1520,Swift,2022,RAD
88,107,?,9.47,Enhancement,?,Yes,Multi,4GL,Windows,?,975,.NET,2009,Agile
89,146,?,5.61,New_Development,?,No,MF,3GL,Mainframe,2,2604,C#,2019,RAD
90,11,?,3.69,Enhancement,?,?,MF,3GL,Mainframe,?,145,C#,2005,RAD
91,30,?,16.01,Enhancement,?,?,MF,3GL,Mainframe,?,822,PHP,2005,RAD
92,111,1.12,5.2,Enhancement,Telecommunications,?,?,?,?,7,1982,COBOL,2003,RAD
93,34,?,12.92,Enhancement,?,?,MF,3GL,?,?,1012,Java,2004,Waterfall
94,80,1.17,8.78,Enhancement,?,Yes,?,4GL,?,?,2506,C++,2000,Agile
95,116,?,13.1,Enhancement,?,Yes,Multi,3GL,Windows,?,1512,JavaScript,2016,RAD
96,16,?,3.97,Enhancement,?,?,MF,3GL,?,?,521,JavaScript,2006,Agile
97,57,1.04,5.5,Enhancement,Telecommunications,?,?,4GL,?,3,804,Java,2010,Agile
98,357,1.18,1.15,Enhancement,?,?,?,3GL,?,?,4350,PHP,2000,Agile
99,39,?,10.97,Enhancement,?,?,MF,3GL,?,?,429,Go,2022,Agile
100,258,1,9.41,New_Development,?,?,?,?,?,3,1381,Python,2012,Agile
101,1233,1,9.91,Enhancement,?,?,?,?,?,32,20041,Ruby,2018,RAD
102,322,1.08,15.99,Enhancement,Telecommunications,?,MR,4GL,Unix,5,973,Ruby,2009,Waterfall
103,14,?,14.54,Enhancement,?,?,MF,3GL,Mainframe,?,179,JavaScript,2017,RAD
104,173,?,4.89,Enhancement,Telecommunications,?,MR,4GL,Unix,10,2890,Java,2003,Agile
105,204,1.01,25.39,Enhancement,Telecommunications,?,PC,4GL,Windows,?,246,Java,2019,Waterfall
106,426,?,7.32,New_Development,?,?,MR,4GL,Mainframe,?,2110,COBOL,2015,Agile
107,295,1.11,14.37,Enhancement,Telecommunications,?,?,?,?,8,4754,Go,2018,RAD
108,103,1.12,10.98,Enhancement,?,?,MF,4GL,Unix,?,673,Java,2003,Waterfall
109,556,1.11,2.64,Enhancement,Telecommunications,Yes,MR,3GL,Unix,10,3793,JavaScript,2005,Agile
110,17,?,15.98,Enhancement,?,?,MF,3GL,?,?,238,PHP,2004,RAD
111,51,1.03,22.51,Enhancement,Telecommunications,?,?,4GL,?,9,1636,.NET,2021,Waterfall
112,583,1,2.5,Enhancement,?,?,?,?,?,4,476,Java,2001,Agile
113,578,?,15.07,Enhancement,?,?,MF,3GL,Mainframe,?,2022,Java,2004,Waterfall
114,14,?,2.18,Enhancement,?,?,?,3GL,?,?,2527,COBOL,2011,Agile
115,292,1,1.23,New_Development,?,?,?,4GL,?,4,6680,C#,2000,Agile
116,142,?,11.12,Enhancement,?,?,MF,3GL,Mainframe,?,7527,Ruby,2008,Agile
117,1307,?,11.84,Enhancement,?,?,MR,3GL,Unix,?,6600,C#,2004,Waterfall
118,354,1,7.7,New_Development,?,?,?,3GL,?,10,5863,COBOL,2004,Agile
119,500,0.93,17.86,Enhancement,Telecommunications,Yes,PC,4GL,Windows,?,4054,Ruby,2018,Waterfall
120,1444,?,8.13,New_Development,?,Yes,Multi,4GL,Windows,?,6129,COBOL,2015,Agile
121,641,1,17.59,Enhancement,?,?,?,?,?,2,508,PHP,2014,Waterfall
122,393,1,10.6,Enhancement,?,?,?,?,?,12,6660,PHP,2011,Waterfall
123,7,0.95,23.42,Enhancement,?,?,?,3GL,?,?,1818,COBOL,2002,Waterfall
124,445,1,14.66,New_Development,Banking,?,MF,3GL,Mainframe,8,8499,JavaScript,2023,RAD
125,221,1,17.51,Enhancement,?,?,?,?,?,3,624,.NET,2000,RAD
126,981,?,1.73,Enhancement,?,Yes,Multi,3GL,Windows,?,25837,.NET,2002,Agile
127,1606,1,17.01,Enhancement,?,?,?,?,?,32,17230,COBOL,2003,RAD
128,25,1,15.55,New_Development,?,?,?,3GL,?,1,97,Python,2023,RAD
129,118,1,5.48,New_Development,?,?,?,3GL,?,6,9021,PHP,2004,RAD
130,56,?,10.6,Enhancement,?,Yes,Multi,4GL,?,?,997,Python,2016,RAD
131,97,?,13.59,Enhancement,?,?,MF,3GL,?,?,2450,Swift,2022,RAD
132,295,1.19,6.68,Enhancement,?,?,MF,3GL,Mainframe,?,1775,Python,2023,Agile
133,65,1,17.5,Enhancement,?,?,MF,?,Unix,?,618,Python,2013,RAD
134,51,0.95,15.26,Enhancement,?,?,?,3GL,?,?,727,PHP,2007,RAD
135,158,1.01,7.05,Enhancement,Telecommunications,?,PC,4GL,Windows,?,476,JavaScript,2013,Agile
136,80,1.09,13.02,Enhancement,?,?,MF,3GL,Unix,?,4281,COBOL,2003,RAD
137,84,?,17.9,Enhancement,?,?,MF,3GL,?,?,899,JavaScript,2013,RAD
138,33,?,5.04,Enhancement,?,?,MF,3GL,?,?,583,.NET,2006,RAD
139,1433,1,8.49,New_Development,?,?,?,?,?,13,3838,.NET,2007,Waterfall
140,79,1.17,8.79,Enhancement,?,Yes,?,4GL,?,?,1585,COBOL,2018,Waterfall
141,38,1.27,17.27,Enhancement,?,Yes,?,3GL,?,?,570,.NET,2012,RAD
142,54,1.14,1.42,Enhancement,?,Yes,?,?,?,?,129,COBOL,2005,Agile
143,170,1,10.94,New_Development,?,?,?,3GL,?,3,1148,Java,2005,Agile
144,355,1.03,16.31,Enhancement,Telecommunications,?,MR,4GL,Unix,20,10205,COBOL,2012,RAD
145,227,?,13.11,Enhancement,?,?,MF,3GL,Mainframe,?,2700,Ruby,2008,RAD
146,3354,1,12.44,New_Development,?,?,?,3GL,?,16,31632,Go,2017,RAD
147,338,1,31.27,Enhancement,?,?,?,?,?,10,10003,Java,2002,Waterfall
148,194,1,6.98,New_Development,?,?,?,?,?,4,1953,COBOL,2003,Agile
149,51,?,11.77,Enhancement,?,?,MF,3GL,Mainframe,?,966,COBOL,2019,Agile
150,59,1.07,11.24,Enhancement,Telecommunications,?,MR,3GL,Unix,6,937,PHP,2003,RAD
151,88,1.07,7.69,Enhancement,?,?,?,3GL,?,?,5242,Go,2015,Agile
152,1824,1,9.59,Enhancement,?,?,?,?,?,5,3210,COBOL,2017,RAD
153,293,?,6.37,Enhancement,?,Yes,Multi,3GL,?,?,5856,.NET,2023,Agile
154,55,?,11.39,Enhancement,?,?,MF,4GL,?,?,869,C#,2003,Waterfall
155,103,1.03,9.48,Enhancement,?,?,MF,4GL,Unix,?,1920,C#,2023,Agile
156,130,1.17,9.75,Enhancement,?,?,?,?,?,?,1122,Java,2010,RAD
157,394,1.02,11.17,Enhancement,?,Yes,?,?,?,?,2756,COBOL,2022,Agile
158,321,1.03,6.11,New_Development,?,?,?,4GL,?,?,2312,COBOL,2020,RAD
159,2929,1,33.14,New_Development,?,?,?,?,?,12,7980,COBOL,2019,Waterfall
160,89,1.05,9.91,Enhancement,?,?,MF,3GL,Unix,?,983,Swift,2015,Agile
161,32,?,31.76,Enhancement,?,?,MF,3GL,?,?,781,Java,2012,Waterfall
162,20,?,32.09,Enhancement,?,Yes,Multi,3GL,?,?,515,Java,2009,Waterfall
163,74,?,13.03,Enhancement,?,?,MF,3GL,?,?,1293,Java,2020,RAD
164,39,1,4.47,Enhancement,?,?,?,?,?,3,823,Swift,2019,Agile
165,9,1,6.95,Enhancement,?,?,?,3GL,?,?,2947,Java,2001,RAD
166,270,1,10.67,Enhancement,?,?,?,?,?,5,1120,Java,2001,Waterfall
167,63,1.12,11.65,Enhancement,?,Yes,?,4GL,?,?,865,C#,2014,RAD
168,670,0.97,6.48,Enhancement,?,No,MF,3GL,?,20,20960,Swift,2021,Agile
169,175,1,9.85,New_Development,?,?,?,?,?,4,1115,Java,2023,Agile
170,343,1.07,2.8,Enhancement,?,?,?,3GL,?,?,8374,JavaScript,2017,Agile
171,38,1.16,16.35,Enhancement,?,?,?,3GL,?,?,944,PHP,2004,RAD
172,146,1.07,11.57,Enhancement,Telecommunications,Yes,MR,3GL,Unix,6,2458,COBOL,2001,RAD
173,222,?,19.82,Enhancement,?,?,MF,3GL,?,?,1487,Python,2012,Waterfall
174,26,1,4.42,Enhancement,?,?,?,?,?,2,184,.NET,2015,Agile
175,75,1.01,19.73,Enhancement,Telecommunications,?,?,4GL,?,16,4430,COBOL,2002,Waterfall
176,335,1,28.19,Enhancement,?,?,?,3GL,?,2,671,C++,2000,Waterfall
177,153,1.12,4.41,Enhancement,?,No,MF,3GL,?,1.65,2807,C#,2010,Agile
178,102,?,30.28,Enhancement,?,?,MF,3GL,Mainframe,?,2258,JavaScript,2017,Waterfall
179,81,1.21,6.03,Enhancement,?,Yes,?,4GL,?,?,668,Swift,2015,RAD
180,127,1.07,7.06,Enhancement,Telecommunications,?,?,3GL,?,1,687,JavaScript,2014,Agile
181,78,1,12.15,Enhancement,Banking,No,MF,3GL,Mainframe,?,1084,PHP,2004,Waterfall
182,129,1.12,3.89,Enhancement,?,Yes,?,4GL,?,?,1206,C++,2002,RAD
183,14,1.15,6.66,Enhancement,?,Yes,?,?,?,?,214,Java,2023,Agile
184,92,?,7.65,Enhancement,?,Yes,Multi,3GL,?,?,930,COBOL,2018,Waterfall
185,266,1,6.05,Enhancement,?,?,?,?,?,1,699,Ruby,2013,Agile
186,175,1,33.8,Enhancement,?,?,?,?,?,2,636,Java,2006,Waterfall
187,80,1.02,4.22,Enhancement,?,?,MF,?,Unix,?,514,Go,2019,RAD
188,15,?,34.64,Enhancement,?,Yes,Multi,4GL,?,?,210,Java,2008,Waterfall
189,134,1,23.12,New_Development,Telecommunications,?,?,4GL,?,1,286,COBOL,2002,Waterfall
190,69,1.09,9.63,Enhancement,Telecommunications,?,?,3GL,?,2,304,C#,2008,Waterfall
191,81,1.09,28.73,Enhancement,Telecommunications,?,?,3GL,?,2,129,.NET,2000,Waterfall
192,38,0.95,19.54,Enhancement,?,No,MF,3GL,?,2,1206,.NET,2014,Waterfall
193,459,1,15.69,Enhancement,?,?,?,3GL,?,5,2705,COBOL,2001,RAD
194,99,0.78,14.42,New_Development,Banking,?,MF,3GL,Mainframe,?,1099,.NET,2011,Waterfall
195,495,1,1.79,New_Development,?,?,?,?,?,4,1486,COBOL,2001,Agile
196,120,?,17.0,Enhancement,?,?,MF,3GL,Windows,?,3080,Java,2004,RAD
197,192,?,7.8,New_Development,?,?,MF,3GL,Mainframe,?,4386,Python,2011,Agile
198,9,1.01,17.25,Enhancement,?,Yes,?,?,?,?,27,Ruby,2015,RAD
199,539,?,6.38,New_Development,?,Yes,Multi,3GL,Windows,?,5975,COBOL,2000,Agile
200,301,1.12,14.59,Enhancement,Telecommunications,?,?,?,?,13,4581,PHP,2010,Waterfall
201,118,1,11.89,New_Development,?,?,?,3GL,?,6,3190,JavaScript,2018,Waterfall
202,24,?,13.2,Enhancement,?,?,MF,3GL,Mainframe,?,480,PHP,2004,Waterfall
203,28,?,18.57,Enhancement,?,?,MF,3GL,Mainframe,?,21,C#,2004,Waterfall
204,89,0.92,29.58,Enhancement,?,?,?,?,?,?,1477,Java,2011,Waterfall
205,57,1,6.37,Enhancement,Banking,No,MF,3GL,Mainframe,?,1179,.NET,2019,Waterfall
206,1753,?,7.89,Enhancement,?,?,PC,3GL,Windows,18,7368,.NET,2015,Agile
207,313,0.92,19.97,Enhancement,Telecommunications,?,MR,4GL,Unix,6,2963,JavaScript,2020,Waterfall
208,208,?,4.71,Enhancement,?,?,MF,3GL,?,?,1284,C++,2004,Agile
209,191,1.17,9.2,Enhancement,?,?,?,?,?,?,818,Ruby,2014,RAD
210,271,?,6.79,Enhancement,?,?,MF,3GL,?,?,3303,COBOL,2003,RAD
211,98,1.03,11.14,Enhancement,?,?,MF,4GL,Unix,?,1308,JavaScript,2014,RAD
212,35,1.1,17.47,Enhancement,?,Yes,?,4GL,?,?,241,C#,2007,RAD
213,695,1,28.51,Enhancement,?,?,?,?,?,6,9928,.NET,2018,Waterfall
214,14,?,33.14,Enhancement,?,Yes,Multi,3GL,?,?,434,PHP,2009,Waterfall
215,71,0.85,3.39,New_Development,Telecommunications,?,PC,4GL,?,?,164,COBOL,2019,RAD
216,70,?,17.09,Enhancement,?,?,MF,3GL,?,?,674,Python,2011,Waterfall
217,190,1.2,3.62,Enhancement,?,?,MF,3GL,Unix,?,2199,C#,2002,RAD
218,149,1.22,8.14,Enhancement,Telecommunications,?,?,?,?,11,5495,Swift,2022,Agile
219,169,1,11.5,New_Development,Telecommunications,?,?,4GL,?,2,580,PHP,2000,Agile
220,1338,1.01,6.11,Enhancement,Telecommunications,?,?,4GL,?,10,3189,Java,2014,RAD
221,46,?,17.45,Enhancement,?,?,MF,3GL,Mainframe,?,640,Ruby,2006,RAD
222,89,1.03,15.23,Enhancement,Telecommunications,?,?,?,?,7,2601,Swift,2020,RAD
223,171,?,8.8,Enhancement,?,Yes,Multi,4GL,?,?,3861,Go,2021,RAD
224,192,1.11,23.84,Enhancement,?,Yes,?,?,?,?,1245,Java,2001,Waterfall
225,207,?,13.5,Enhancement,?,Yes,Multi,4GL,Windows,2,798,JavaScript,2005,RAD
226,18,?,12.85,Enhancement,?,?,MF,3GL,Mainframe,?,145,PHP,2004,RAD
227,188,1.06,7.76,Enhancement,Telecommunications,?,?,4GL,?,5,1136,JavaScript,2005,Waterfall
228,468,?,9.25,Enhancement,Telecommunications,?,?,3GL,?,28,10498,Go,2021,Waterfall
229,372,?,29.83,Enhancement,?,Yes,Multi,3GL,?,?,8604,COBOL,2004,Waterfall
230,224,1,5.33,New_Development,?,?,?,3GL,?,?,2444,COBOL,2017,Agile
231,77,1.3,15.55,Enhancement,?,?,MF,3GL,Mainframe,?,252,Python,2016,Waterfall
232,88,?,11.82,Enhancement,?,?,MF,3GL,Mainframe,?,805,C#,2003,RAD
233,1236,?,14.27,New_Development,?,?,PC,4GL,Windows,?,2504,COBOL,2007,RAD
234,51,?,33.31,Enhancement,?,Yes,Multi,3GL,?,?,412,C#,2012,Waterfall
235,644,1.04,3.15,Enhancement,Telecommunications,?,MR,4GL,Unix,16,6936,COBOL,2003,Agile
236,676,1,4.07,New_Development,?,?,?,?,?,8,4731,Ruby,2019,Agile
237,9,?,6.09,Enhancement,?,?,?,?,?,?,240,JavaScript,2022,Agile
238,46,?,12.79,Enhancement,?,Yes,Multi,3GL,?,?,1389,.NET,2016,Waterfall
239,39,1,17.59,Enhancement,?,Yes,?,?,?,?,564,C#,2013,RAD
240,3,1.02,17.63,Enhancement,?,?,?,?,?,?,28,PHP,2014,Waterfall
241,143,?,15.64,Enhancement,?,Yes,Multi,4GL,?,?,1762,Java,2004,Waterfall
242,551,1,6.32,New_Development,?,?,?,3GL,?,17,16380,.NET,2011,Agile
243,38,?,1.64,Enhancement,?,?,MF,3GL,Mainframe,?,429,C#,2006,Agile
244,75,1.02,13.84,Enhancement,?,No,MF,3GL,?,2.1,2130,PHP,2008,RAD
245,1494,?,7.49,Enhancement,Telecommunications,?,?,4GL,?,27,20396,JavaScript,2013,Agile
246,454,1,5.38,New_Development,?,?,?,?,?,?,327,Go,2022,Agile
247,76,0.9,8.36,Enhancement,?,?,?,?,?,?,37,C#,2006,Waterfall
248,413,?,5.75,Enhancement,?,?,MF,3GL,Unix,?,2982,Java,2013,Agile
249,101,1.11,13.84,Enhancement,?,?,MF,4GL,Unix,?,398,C#,2008,RAD
250,72,0.85,16.09,New_Development,Telecommunications,?,MR,4GL,Unix,2,417,Go,2015,Waterfall
251,508,1,8.64,Enhancement,?,?,?,?,?,6,2377,Ruby,2007,Agile
252,123,1,9.46,New_Development,?,?,?,?,?,3,337,Python,2020,Agile
253,227,0.96,13.23,New_Development,Telecommunications,?,PC,4GL,?,18,5532,Swift,2016,Waterfall
254,59,1.12,4.26,Enhancement,Telecommunications,?,MR,3GL,Unix,?,296,COBOL,2006,Agile
255,58,1.17,8.04,Enhancement,Telecommunications,?,?,?,?,7,1668,COBOL,2003,Waterfall
256,134,?,6.1,Enhancement,Telecommunications,?,?,4GL,?,12,3899,.NET,2006,RAD
257,1827,?,2.8,Enhancement,?,?,MR,3GL,Unix,?,2258,Java,2003,Agile
258,84,1.16,7.26,Enhancement,?,?,MF,3GL,Unix,?,1034,Ruby,2007,RAD
259,83,?,11.0,Enhancement,?,Yes,Multi,3GL,?,?,1151,PHP,2001,Agile
260,426,1,10.28,New_Development,?,?,?,?,?,4,2622,Java,2010,RAD
261,5,1.28,7.46,Enhancement,?,?,?,?,?,?,34,COBOL,2005,Waterfall
262,262,?,30.86,Enhancement,?,?,MF,3GL,Mainframe,?,4253,Java,2019,Waterfall
263,43,1.19,10.15,Enhancement,?,?,MF,4GL,Unix,?,128,C#,2023,RAD
264,48,?,11.52,Enhancement,?,?,MF,4GL,?,?,1781,COBOL,2010,Agile
265,915,1,11.36,Enhancement,?,?,?,?,?,4,1392,C#,2003,RAD
266,113,1,15.99,Enhancement,?,?,?,?,?,3,196,JavaScript,2015,RAD
267,149,1,21.52,New_Development,?,?,?,?,?,3,518,Swift,2022,Waterfall
268,99,?,12.13,Enhancement,?,Yes,Multi,3GL,?,?,3494,JavaScript,2014,RAD
269,601,1,3.52,New_Development,?,?,?,?,?,?,10866,Java,2009,RAD
270,826,?,4.06,Enhancement,?,?,MF,3GL,?,7,6418,C++,2000,Agile
271,89,1.12,28.15,Enhancement,?,?,MF,4GL,Unix,?,2823,Python,2015,Waterfall
272,219,0.95,16.02,Enhancement,?,?,?,3GL,?,?,5317,Go,2020,RAD
273,59,1.13,24.03,Enhancement,?,Yes,?,3GL,?,?,1008,Java,2009,Waterfall
274,153,1.01,7.88,New_Development,?,?,?,?,?,?,1840,C#,2003,Agile
275,187,1,3.19,Enhancement,?,?,?,?,?,2,343,Python,2023,Agile
276,14,?,3.61,Enhancement,?,Yes,?,?,?,?,160,Java,2002,RAD
277,216,1.04,2.6,Enhancement,Telecommunications,?,?,4GL,?,14,3613,.NET,2003,Agile
278,747,?,11.34,New_Development,?,Yes,Multi,3GL,Windows,?,6767,Swift,2015,Waterfall
279,73,?,5.84,Enhancement,?,Yes,Multi,4GL,?,?,672,Go,2015,Agile
280,693,1,17.7,New_Development,?,?,?,4GL,?,9,12510,Swift,2016,RAD
281,151,?,12.75,Enhancement,Telecommunications,?,MR,?,Unix,5,1586,Go,2023,RAD
282,57,?,6.0,New_Development,?,?,MF,3GL,Windows,?,1505,C#,2016,Waterfall
283,1265,?,5.86,New_Development,?,Yes,Multi,4GL,Windows,?,10770,COBOL,2011,Agile
284,57,1.02,16.67,Enhancement,Telecommunications,?,MR,4GL,Unix,2,26,.NET,2018,Waterfall
285,56,?,23.81,Enhancement,?,?,MF,3GL,Mainframe,?,568,Python,2015,Waterfall
286,53,1.06,15.54,Enhancement,Telecommunications,?,MF,4GL,Mainframe,?,540,.NET,2018,RAD
287,291,1,24.24,New_Development,?,?,?,?,?,9,1827,C++,2002,Waterfall
288,510,1,12.14,Enhancement,?,?,?,?,?,8,1624,JavaScript,2008,Waterfall
289,257,0.95,14.48,New_Development,Telecommunications,?,PC,4GL,Unix,2,906,COBOL,2009,RAD
290,222,?,25.23,Enhancement,Telecommunications,?,MR,4GL,Unix,6,2007,.NET,2008,Waterfall
291,29,?,17.47,Enhancement,?,?,MF,3GL,?,?,553,COBOL,2001,RAD
292,4911,?,10.26,New_Development,Telecommunications,?,MR,?,Unix,?,71118,Java,2020,Agile
293,30,?,8.39,Enhancement,?,?,MF,3GL,Mainframe,?,1037,JavaScript,2017,Agile
294,52,1,5.55,Enhancement,?,?,?,3GL,?,?,361,Ruby,2021,Agile
295,2221,1.07,8.41,New_Development,Telecommunications,?,MR,4GL,Unix,17,25482,C#,2020,Agile
296,184,?,25.59,Enhancement,?,?,MF,3GL,?,?,1324,COBOL,2022,Waterfall
297,7,1.08,4.51,Enhancement,?,?,?,4GL,?,?,45,Python,2012,RAD
298,57,?,6.63,Enhancement,?,Yes,Multi,3GL,?,?,727,C#,2014,RAD
299,178,1,11.09,Enhancement,?,?,?,?,?,5,2865,Ruby,2010,RAD
300,10,?,10.48,Enhancement,?,?,MF,3GL,Mainframe,?,3871,COBOL,2012,RAD
301,96,0.94,9.92,Enhancement,Telecommunications,?,PC,3GL,Mainframe,2,494,Ruby,2013,Agile
302,6,1.08,14.37,Enhancement,?,Yes,?,4GL,?,?,734,Java,2008,RAD
303,70,?,7.61,Enhancement,?,Yes,Multi,3GL,?,?,444,Ruby,2009,Agile
304,43,1.14,9.36,Enhancement,?,Yes,?,?,?,?,286,C++,2003,Agile
305,1163,1,7.07,Enhancement,?,?,?,3GL,?,10,9786,Python,2021,RAD
306,177,0.99,5.28,New_Development,?,?,PC,3GL,Windows,7,1946,PHP,2013,Agile
307,24,1,33.02,Enhancement,?,?,?,?,?,4,708,Python,2017,Waterfall
308,490,1,6.58,New_Development,?,?,?,?,?,?,4672,.NET,2018,Agile
309,270,0.85,10.83,Enhancement,Telecommunications,?,?,4GL,Mainframe,3,1451,COBOL,2017,RAD
310,222,1.09,28.96,Enhancement,Telecommunications,?,?,3GL,?,3,310,COBOL,2012,Waterfall
311,103,1.03,7.43,Enhancement,Telecommunications,?,MR,4GL,Unix,?,2946,JavaScript,2005,Agile
312,2777,1.06,9.62,New_Development,Banking,?,MF,3GL,Mainframe,8,21625,Python,2019,Waterfall
313,187,1.19,33.09,Enhancement,?,?,?,3GL,?,?,654,Ruby,2019,Waterfall
314,228,?,11.18,Enhancement,?,Yes,Multi,4GL,Windows,4,1465,Java,2016,Agile
315,339,1.17,6.85,Enhancement,?,?,MF,3GL,Mainframe,43,8650,COBOL,2022,RAD
316,242,?,9.56,New_Development,?,?,MF,3GL,Mainframe,?,7710,COBOL,2017,Agile
317,133,1.07,24.23,Enhancement,?,?,?,3GL,?,?,8480,C#,2001,Waterfall
318,82,1,9.69,New_Development,Banking,?,MF,3GL,Mainframe,?,606,JavaScript,2006,RAD
319,144,?,3.53,Enhancement,?,?,MF,4GL,?,?,1346,C++,2001,Agile
320,3,1.17,26.31,Enhancement,?,Yes,?,3GL,?,?,23,COBOL,2009,Waterfall
321,366,1.02,6.65,Enhancement,?,?,?,3GL,?,?,7359,Swift,2019,Waterfall
322,403,1,6.08,New_Development,?,?,?,?,?,8,7500,JavaScript,2006,Agile
323,49,1.12,5.02,Enhancement,Telecommunications,?,?,?,?,2,966,Ruby,2006,Agile
324,138,1.02,1.98,Enhancement,Telecommunications,?,?,4GL,?,5,1499,C#,2012,Agile
325,632,0.95,14.28,New_Development,?,Yes,?,3GL,?,?,7252,PHP,2009,RAD
326,201,0.93,10.75,New_Development,Telecommunications,No,PC,4GL,Windows,1,562,COBOL,2000,Agile
327,338,1,3.27,Enhancement,?,?,?,?,?,1,973,Java,2005,Agile
328,83,1.2,7.38,Enhancement,?,?,MF,3GL,Unix,?,1145,JavaScript,2011,Agile
329,113,?,28.8,Enhancement,?,?,MF,3GL,?,?,1192,Java,2020,Waterfall
330,115,1.08,2.9,Enhancement,Telecommunications,Yes,MR,4GL,Unix,9,2802,C#,2023,Agile
331,763,0.94,24.85,Enhancement,Telecommunications,?,?,3GL,?,8,4272,C#,2021,Waterfall
332,322,1,15.99,Enhancement,?,?,?,?,?,6,835,Java,2017,RAD
333,1278,1.14,13.75,Enhancement,?,?,MF,3GL,Unix,?,28441,COBOL,2021,RAD
334,203,?,9.79,Enhancement,?,?,MF,3GL,Unix,14,5754,JavaScript,2022,Agile
335,246,1,11.06,New_Development,?,?,?,?,?,3,960,.NET,2010,Agile
336,116,1,23.61,New_Development,Banking,?,MF,3GL,Mainframe,5,2180,Java,2005,Waterfall
337,145,1.17,13.44,Enhancement,?,?,?,?,?,?,1594,Java,2020,Waterfall
338,2000,1,10.53,New_Development,?,?,?,?,?,?,29600,Ruby,2021,RAD
339,114,1,6.11,Enhancement,?,?,?,4GL,?,2,678,JavaScript,2009,RAD
340,73,1,11.47,Enhancement,Banking,No,MF,3GL,Mainframe,?,1404,COBOL,2004,Agile
341,43,1.02,27.27,Enhancement,?,?,?,3GL,?,?,3890,C++,2003,Waterfall
342,144,1,17.05,Enhancement,?,?,?,3GL,?,4,426,C++,2000,RAD
343,1122,1,5.51,New_Development,?,?,?,?,?,?,1208,PHP,2005,Agile
344,43,?,7.68,Enhancement,?,Yes,Multi,3GL,?,?,1042,Ruby,2018,RAD
345,49,?,17.88,Enhancement,?,No,MF,4GL,Unix,?,500,Java,2006,Waterfall
346,126,1,13.53,Enhancement,?,?,?,?,?,5,1237,Ruby,2022,Waterfall
347,199,1.22,9.29,Enhancement,?,?,?,3GL,?,?,5682,Swift,2021,Agile
348,79,0.94,7.41,Enhancement,?,?,?,3GL,?,?,2356,Python,2018,Agile
349,100,?,16.64,Enhancement,?,?,MF,4GL,?,?,1255,C#,2013,RAD
350,88,1.05,4.39,Enhancement,?,Yes,?,3GL,?,?,1092,COBOL,2002,Agile
351,19,?,9.78,Enhancement,?,?,MR,3GL,Unix,?,155,Python,2020,RAD
352,262,1.02,8.93,Enhancement,?,?,?,3GL,?,?,7258,Go,2019,RAD
353,426,1,15.43,New_Development,?,?,?,?,?,2,1680,Ruby,2023,Waterfall
354,383,1,6.81,New_Development,?,?,?,?,?,?,5322,Ruby,2008,Agile
355,87,?,4.11,Enhancement,?,Yes,MF,4GL,Unix,?,387,PHP,2007,RAD
356,320,1,6.7,New_Development,?,?,?,4GL,?,4,12180,JavaScript,2016,RAD
357,342,?,7.72,Enhancement,?,Yes,Multi,3GL,?,?,2734,COBOL,2009,RAD
358,116,1,11.42,Enhancement,?,?,?,?,?,10,2630,JavaScript,2017,RAD
359,97,1.05,26.97,Enhancement,Banking,?,MF,3GL,Mainframe,1,530,.NET,2019,Waterfall
360,98,1.01,7.05,New_Development,Telecommunications,?,?,4GL,?,12,2876,C#,2000,Agile
361,33,?,3.47,Enhancement,?,Yes,Multi,3GL,?,?,270,C#,2002,Agile
362,65,1.09,7.16,Enhancement,Telecommunications,Yes,PC,?,Windows,?,997,C#,2002,Waterfall
363,88,1,17.56,Enhancement,?,?,?,?,?,3,760,Ruby,2007,Waterfall
364,3,?,10.81,Enhancement,?,?,MF,3GL,?,?,95,COBOL,2004,Agile
365,79,1.07,8.08,Enhancement,?,?,?,3GL,?,?,2817,JavaScript,2007,Agile
366,103,?,4.78,Enhancement,?,?,?,3GL,?,?,4496,Swift,2015,RAD
367,200,1.09,12.36,Enhancement,Telecommunications,?,?,4GL,?,19,8151,PHP,2001,RAD
368,133,1.07,17.14,Enhancement,Telecommunications,?,?,3GL,?,3,334,COBOL,2017,RAD
369,52,1,6.61,Enhancement,?,?,MF,?,Unix,?,741,Java,2010,Agile
370,89,?,13.76,Enhancement,?,?,MF,3GL,Mainframe,?,508,Java,2000,Waterfall
371,522,?,14.18,New_Development,?,?,MR,3GL,Unix,?,7063,C#,2014,RAD
372,85,0.98,35.38,Enhancement,?,?,PC,?,Windows,?,846,Java,2003,Waterfall
373,65,1.12,12.21,Enhancement,?,?,MF,4GL,Unix,?,1142,.NET,2002,Waterfall
374,360,?,14.96,Enhancement,?,Yes,Multi,3GL,?,?,9347,C#,2002,RAD
375,108,1.12,14.02,Enhancement,?,No,MF,3GL,?,2,1652,.NET,2014,Waterfall
376,189,1,12.65,New_Development,?,?,?,?,?,?,5241,Java,2023,Waterfall
377,3,?,6.45,Enhancement,?,Yes,?,?,?,?,45,COBOL,2016,Agile
378,227,?,2.75,Enhancement,?,Yes,Multi,4GL,?,?,1009,Swift,2021,Agile
379,146,1.24,8.22,Enhancement,?,Yes,?,3GL,?,?,2446,Python,2016,Agile
380,25,1.1,13.06,Enhancement,?,Yes,?,4GL,?,?,384,Java,2001,RAD
381,790,1,10.23,New_Development,?,?,?,?,?,4,2909,PHP,2013,Agile
382,70,0.98,9.58,Enhancement,?,?,?,3GL,?,?,1480,Ruby,2011,Agile
383,571,?,3.7,Enhancement,Telecommunications,?,?,3GL,?,18,8996,.NET,2007,RAD
384,322,1,3.11,New_Development,?,?,?,4GL,?,4,7850,.NET,2004,RAD
385,127,?,15.8,Enhancement,?,No,MF,3GL,Mainframe,3,2715,COBOL,2013,Waterfall
386,351,?,10.29,New_Development,?,Yes,Multi,4GL,Windows,?,1118,PHP,2001,RAD
387,122,1.24,7.89,Enhancement,?,?,?,3GL,?,?,7991,Java,2005,Agile
388,1279,1,2.18,New_Development,?,?,?,?,?,8,3569,Swift,2020,Agile
389,141,0.96,5.59,New_Development,?,No,MF,3GL,?,1,1600,COBOL,2018,Agile
390,150,?,6.74,Enhancement,?,Yes,Multi,4GL,?,?,2595,Java,2004,Agile
391,89,?,9.69,Enhancement,?,Yes,Multi,4GL,?,?,1712,C#,2000,RAD
392,141,?,6.94,Enhancement,?,Yes,Multi,4GL,?,?,783,.NET,2014,Waterfall
393,300,1,7.48,New_Development,?,?,?,3GL,?,6,889,PHP,2005,RAD
394,106,1.03,4.02,Enhancement,?,?,?,?,?,?,1261,C#,2017,RAD
395,64,1.12,10.83,Enhancement,?,?,?,?,?,?,347,COBOL,2016,Agile
396,3,?,11.0,Enhancement,?,Yes,?,?,?,?,42,C#,2021,Agile
397,542,1,26.38,New_Development,?,?,?,?,?,2,2240,PHP,2008,Waterfall
398,58,?,23.63,Enhancement,?,Yes,Multi,3GL,?,?,1062,C#,2016,Waterfall
399,194,0.88,6.85,New_Development,Banking,?,MF,3GL,Mainframe,?,273,Ruby,2006,Agile
400,97,1.01,10.24,Enhancement,Telecommunications,?,?,4GL,?,?,404,Java,2002,RAD
401,86,1.17,10.01,Enhancement,?,?,MF,3GL,Mainframe,?,1102,.NET,2010,Agile
402,56,?,8.22,Enhancement,?,?,MF,3GL,Mainframe,?,980,PHP,2003,Agile
403,218,1,3.32,Enhancement,?,?,?,3GL,?,6,2250,COBOL,2004,Agile
404,108,1.1,15.86,Enhancement,?,?,?,3GL,?,?,4461,C++,2000,Waterfall
405,158,1.07,3.93,Enhancement,?,?,?,3GL,?,?,4140,C++,2001,RAD
406,16,0.95,5.33,Enhancement,?,?,?,3GL,?,?,2114,Go,2017,RAD
407,89,1.07,14.95,Enhancement,?,?,?,3GL,?,?,4884,COBOL,2002,Waterfall
408,121,1.06,24.24,Enhancement,Telecommunications,?,?,3GL,?,4,1293,.NET,2020,Waterfall
409,263,1,11.71,Enhancement,?,?,?,3GL,?,3,1311,Java,2004,Agile
410,107,1.18,3.72,Enhancement,?,?,?,3GL,?,?,3160,.NET,2006,Agile
411,70,1.09,6.81,Enhancement,?,?,MF,3GL,Unix,?,1699,Python,2015,Agile
412,476,1,3.92,Enhancement,?,?,?,?,?,?,10880,C#,2004,RAD
413,155,?,12.23,Enhancement,?,?,MF,3GL,Unix,7,1974,Swift,2018,Waterfall
414,169,1.04,26.79,Enhancement,?,?,?,3GL,?,?,3705,COBOL,2006,Waterfall
415,126,?,21.11,Enhancement,?,Yes,Multi,4GL,Windows,?,1442,Swift,2020,Waterfall
416,50,1.03,5.38,Enhancement,?,?,MF,4GL,Unix,?,921,C++,2004,RAD
417,98,1.12,3.94,Enhancement,?,No,MF,3GL,Mainframe,6,3271,PHP,2000,Agile
418,391,0.99,10.54,New_Development,Telecommunications,?,?,3GL,?,10,3287,Ruby,2008,RAD
419,70,1.04,7.72,Enhancement,Telecommunications,No,PC,4GL,Windows,3,764,Java,2005,RAD
420,84,?,19.7,Enhancement,?,?,MF,3GL,?,?,1353,JavaScript,2014,Waterfall
421,777,1,13.66,Enhancement,?,?,?,?,?,5,3024,COBOL,2016,Waterfall
422,201,0.65,9.85,Enhancement,?,?,MF,3GL,Mainframe,14,3926,.NET,2000,RAD
423,1387,?,9.03,New_Development,?,Yes,Multi,4GL,Windows,?,1225,Ruby,2007,RAD
424,380,0.93,11.75,Enhancement,?,?,?,?,?,?,2676,JavaScript,2009,Waterfall
425,12,1.19,33.97,Enhancement,?,?,?,3GL,?,?,96,.NET,2013,Waterfall
426,62,1.02,26.33,Enhancement,Telecommunications,Yes,PC,4GL,Windows,3,996,Swift,2021,Waterfall
427,525,1,8.84,Enhancement,?,?,?,?,?,3,306,C++,2002,RAD
428,64,0.98,3.34,Enhancement,?,?,?,3GL,?,?,620,COBOL,2017,Agile
429,67,?,4.31,Enhancement,Telecommunications,?,MR,3GL,Unix,9,1894,.NET,2017,RAD
430,29,?,7.83,New_Development,?,?,PC,3GL,Windows,?,395,COBOL,2010,Agile
431,103,?,27.36,Enhancement,?,?,MF,3GL,?,?,1743,Ruby,2009,Waterfall
432,578,1,32.55,New_Development,Banking,?,MF,3GL,Mainframe,?,5134,Java,2008,Waterfall
433,13,?,5.69,Enhancement,?,?,MF,3GL,?,?,497,C++,2002,Agile
434,127,1.15,13.39,Enhancement,?,?,MF,3GL,Unix,?,7451,COBOL,2021,Waterfall
435,473,?,21.44,New_Development,?,?,MR,3GL,Unix,?,2000,Ruby,2010,Waterfall
436,201,0.89,11.59,Enhancement,?,No,MF,3GL,Mainframe,7,3804,Python,2019,RAD
437,73,1.18,6.19,Enhancement,?,?,?,3GL,?,?,3934,.NET,2020,RAD
438,15,?,14.33,Enhancement,?,?,MF,3GL,?,?,559,PHP,2009,RAD
439,385,?,24.26,Enhancement,?,Yes,Multi,4GL,?,?,9865,.NET,2013,Waterfall
440,41,?,12.67,Enhancement,?,Yes,Multi,3GL,?,?,805,COBOL,2008,Waterfall
441,51,1.12,9.13,Enhancement,?,Yes,?,4GL,?,?,536,.NET,2009,RAD
442,385,1,15.35,New_Development,Banking,?,MF,4GL,Mainframe,7,2761,C#,2017,Waterfall
443,747,1,2.76,Enhancement,?,?,?,3GL,?,3,3108,JavaScript,2006,Agile
444,124,1,14.27,New_Development,Banking,?,MF,3GL,Mainframe,2,616,Java,2022,Waterfall
445,261,1.01,35.59,Enhancement,Telecommunications,Yes,MR,4GL,Unix,8,2639,Python,2013,Waterfall
446,527,1.29,22.31,Enhancement,?,?,?,3GL,?,?,1621,Ruby,2016,Waterfall
447,11,?,7.05,Enhancement,?,Yes,Multi,4GL,?,?,429,.NET,2009,RAD
448,254,1,10.97,New_Development,?,?,?,3GL,?,80,28760,PHP,2010,RAD
449,95,?,30.45,Enhancement,?,?,MF,3GL,?,?,4092,Go,2021,Waterfall
450,416,1,4.47,Enhancement,?,?,?,?,?,7,3800,Ruby,2005,RAD
451,175,1,6.71,Enhancement,?,?,?,?,?,4,471,Ruby,2013,Agile
452,1290,?,12.16,New_Development,Telecommunications,?,?,3GL,?,31,22045,Java,2000,RAD
453,162,1,4.83,Enhancement,?,?,?,3GL,?,4,1092,.NET,2006,RAD
454,262,?,7.9,Enhancement,?,Yes,Multi,4GL,?,?,5729,Go,2020,RAD
455,99,?,4.51,Enhancement,?,Yes,Multi,3GL,?,?,1761,Java,2019,Agile
456,31,?,7.68,Enhancement,?,?,MF,4GL,?,?,543,Go,2015,Agile
457,30,1,33.62,Enhancement,?,?,?,4GL,?,2,301,PHP,2008,Waterfall
458,79,1,10.98,New_Development,?,?,?,3GL,?,2,1108,COBOL,2006,Agile
459,2391,1,8.48,Enhancement,?,?,?,?,?,9,3889,.NET,2021,Agile
460,406,1,7.09,New_Development,?,?,?,?,?,?,964,C#,2019,Waterfall
461,2027,1,9.76,New_Development,?,?,?,?,?,?,28160,JavaScript,2022,Agile
462,3622,?,3.5,Enhancement,?,?,MF,3GL,Mainframe,?,14573,.NET,2001,Agile
463,120,1.12,33.66,Enhancement,?,Yes,?,4GL,?,?,912,JavaScript,2015,Waterfall
464,50,1.14,34.75,Enhancement,?,?,MF,3GL,Unix,?,1132,PHP,2010,Waterfall
465,370,?,5.62,Enhancement,?,?,MF,3GL,Mainframe,?,1505,C++,2000,Agile
466,391,1,21.98,New_Development,?,?,?,?,?,9,3247,COBOL,2005,Waterfall
467,144,1.01,11.19,Enhancement,Telecommunications,?,?,4GL,?,4,742,Ruby,2009,Agile
468,44,?,1.57,Enhancement,?,Yes,Multi,3GL,?,?,219,PHP,2005,Agile
469,160,1.16,18.77,Enhancement,?,?,?,3GL,?,?,1479,C#,2000,Waterfall
470,213,?,30.29,Enhancement,?,Yes,Multi,3GL,?,?,6391,COBOL,2017,Waterfall
471,550,1,25.18,New_Development,?,?,?,?,?,9,9296,COBOL,2007,Waterfall
472,14,0.76,1.53,Enhancement,?,Yes,?,?,?,?,162,C#,2009,Agile
473,161,?,5.71,New_Development,?,?,MF,3GL,Mainframe,?,9808,C#,2020,Agile
474,27,?,4.15,Enhancement,?,?,MF,3GL,Mainframe,?,96,Python,2020,RAD
475,64,1,17.32,New_Development,Banking,No,MF,3GL,Mainframe,3,1073,COBOL,2001,RAD
476,75,1.22,11.62,Enhancement,?,?,MF,4GL,Unix,?,303,C#,2020,Waterfall
477,82,?,25.65,Enhancement,?,Yes,Multi,4GL,?,?,1571,.NET,2012,Waterfall
478,96,1.02,10.17,Enhancement,Telecommunications,?,?,4GL,?,26,6666,PHP,2004,Agile
479,3,1.1,6.05,Enhancement,?,Yes,?,4GL,?,?,367,COBOL,2006,Agile
480,51,1,5.15,Enhancement,?,?,?,?,?,1,337,COBOL,2003,RAD
481,82,1.01,8.78,Enhancement,Telecommunications,?,?,4GL,?,4,410,Go,2015,RAD
482,231,1.07,5.23,Enhancement,?,No,MF,3GL,?,6.3,5079,.NET,2006,RAD
483,314,1,30.98,New_Development,?,?,?,3GL,?,8,1260,.NET,2015,Waterfall
484,476,?,8.01,New_Development,?,Yes,Multi,4GL,Windows,?,64,JavaScript,2013,Agile
485,38,?,16.93,Enhancement,?,?,MF,3GL,?,?,1359,Ruby,2011,Waterfall
486,42,?,14.21,Enhancement,?,?,MF,3GL,Mainframe,?,882,Java,2009,RAD
487,77,1,10.05,Enhancement,?,Yes,?,?,?,?,378,PHP,2012,Waterfall
488,22,?,6.51,Enhancement,?,Yes,Multi,4GL,?,?,291,Java,2006,Waterfall
489,42,?,26.39,Enhancement,?,?,MF,3GL,?,?,776,.NET,2001,Waterfall
490,157,1.16,14.55,Enhancement,Telecommunications,?,MR,4GL,Unix,?,1000,JavaScript,2016,RAD
491,165,?,22.17,Enhancement,?,?,MF,4GL,?,?,1063,C++,2003,Waterfall
492,51,1.08,11.34,Enhancement,Telecommunications,Yes,MR,4GL,Unix,?,2828,Python,2015,RAD
493,69,0.9,7.76,Enhancement,Telecommunications,No,?,3GL,Mainframe,?,984,Go,2015,Waterfall
494,12,?,4.69,Enhancement,?,Yes,Multi,4GL,?,?,355,C#,2018,Agile
495,105,1.04,6.55,Enhancement,Telecommunications,?,PC,4GL,Windows,?,300,.NET,2007,RAD
496,70,0.92,8.19,Enhancement,?,?,?,?,?,?,942,Go,2020,Agile
497,124,1.12,25.15,Enhancement,?,No,MF,3GL,?,1.75,1000,Swift,2020,Waterfall
498,142,1,11.65,Enhancement,?,?,?,3GL,?,7,2744,.NET,2003,Agile
499,269,?,11.9,Enhancement,?,Yes,Multi,4GL,?,?,4045,Swift,2021,Waterfall
500,180,?,3.06,Enhancement,?,?,MF,3GL,Mainframe,9,12272,Java,2023,Agile
501,477,1.09,4.63,Enhancement,?,No,MF,3GL,?,6,4529,COBOL,2015,RAD
502,141,?,6.02,Enhancement,?,?,MF,3GL,?,?,5156,Go,2023,RAD
503,188,0.95,18.27,New_Development,Telecommunications,?,?,4GL,?,2,776,PHP,2007,Waterfall
504,245,1,31.58,New_Development,?,?,?,?,?,2,1152,Go,2020,Waterfall
505,860,1,2.57,New_Development,?,?,?,?,?,4,2074,Ruby,2010,Agile
506,116,?,8.07,Enhancement,?,?,MF,3GL,?,?,2425,COBOL,2016,RAD
507,73,0.89,11.71,Enhancement,Telecommunications,?,?,?,?,4,912,Java,2013,RAD
508,480,1,24.91,New_Development,?,?,?,?,?,3,1042,C++,2001,Waterfall
509,467,1,18.46,Enhancement,?,?,?,?,?,4,1192,Java,2020,Waterfall
510,68,1.03,29.67,Enhancement,Telecommunications,?,?,4GL,?,1,617,PHP,2002,Waterfall
511,36,?,3.53,Enhancement,?,Yes,Multi,3GL,?,?,608,JavaScript,2016,RAD
512,3389,1,1.23,New_Development,?,?,?,?,?,34,73920,Swift,2021,Agile
513,109,?,9.17,Enhancement,?,No,MF,3GL,Mainframe,4,4576,.NET,2014,Agile
514,10,1.11,28.78,Enhancement,?,Yes,?,?,?,?,23,PHP,2000,Waterfall
515,255,?,6.8,Enhancement,?,?,MF,3GL,?,?,1282,JavaScript,2013,Waterfall
516,36,1.15,15.69,Enhancement,?,Yes,?,3GL,?,?,470,JavaScript,2015,RAD
517,885,1,9.48,Enhancement,?,?,?,?,?,7,1940,COBOL,2007,RAD
518,119,1.06,11.37,Enhancement,Telecommunications,?,?,4GL,?,5,2010,Ruby,2022,RAD
519,19,1.13,6.45,Enhancement,?,Yes,?,3GL,?,?,241,Python,2022,Waterfall
520,12,1.28,3.96,Enhancement,?,?,?,?,?,?,178,C#,2004,Agile
521,217,0.99,34.39,Enhancement,Telecommunications,?,?,4GL,?,6,3417,Java,2006,Waterfall
522,48,1.17,9.59,Enhancement,?,Yes,?,?,?,?,384,C#,2018,Waterfall
523,214,?,8.62,Enhancement,Telecommunications,No,?,3GL,Mainframe,?,1430,PHP,2012,Agile
524,60,?,24.01,Enhancement,?,Yes,Multi,3GL,?,?,1349,Java,2023,Waterfall
525,32,?,20.14,Enhancement,?,Yes,Multi,3GL,?,?,480,Ruby,2010,Waterfall
526,338,1.06,15.16,New_Development,Telecommunications,Yes,MR,3GL,Unix,30,16770,Java,2012,RAD
527,62,1.17,4.43,Enhancement,Telecommunications,?,?,4GL,?,22,4428,JavaScript,2023,RAD
528,259,0.96,35.25,Enhancement,Telecommunications,?,?,?,?,4,2488,Go,2022,Waterfall
529,1185,1,25.24,New_Development,?,?,?,3GL,?,20,3822,Ruby,2012,Waterfall
530,746,?,13.86,Enhancement,?,Yes,Multi,4GL,Windows,?,2909,COBOL,2010,RAD
531,143,0.94,20.96,Enhancement,?,?,?,?,?,17,5506,COBOL,2004,Waterfall
532,144,1,13.94,Enhancement,?,?,?,3GL,?,4,1261,COBOL,2019,RAD
533,408,1,4.88,Enhancement,?,?,?,?,?,5,1820,Ruby,2016,Agile
534,699,1,10.63,New_Development,?,?,?,?,?,6,3112,C#,2019,RAD
535,2572,1,31.43,New_Development,?,?,?,?,?,?,11397,JavaScript,2022,Waterfall
536,116,0.82,9.63,Enhancement,?,?,?,?,?,?,555,C++,2000,RAD
537,67,1.11,16.75,Enhancement,?,?,?,?,?,?,901,C++,2000,RAD
538,49,?,13.49,Enhancement,?,?,MF,3GL,Mainframe,?,423,.NET,2002,RAD
539,82,1.07,35.5,Enhancement,?,?,?,3GL,?,?,10886,C#,2021,Waterfall
540,1117,1,26.06,New_Development,?,?,?,?,?,?,18240,Ruby,2005,Waterfall
541,94,1.04,11.03,Enhancement,Telecommunications,Yes,MR,4GL,Unix,5,1313,.NET,2010,Agile
542,154,1.01,3.19,Enhancement,Telecommunications,?,?,4GL,?,3,582,JavaScript,2009,Agile
543,469,1.16,9.46,Enhancement,Telecommunications,?,MR,4GL,Unix,8,2778,Python,2018,Agile
544,110,?,3.71,Enhancement,?,Yes,Multi,4GL,?,?,902,Go,2018,RAD
545,934,1,33.99,New_Development,?,?,?,?,?,9,5236,Python,2014,Waterfall
546,177,1,17.54,New_Development,?,?,?,?,?,2,360,Ruby,2010,RAD
547,85,0.99,24.34,Enhancement,?,Yes,?,?,?,?,782,COBOL,2015,Waterfall
548,135,0.92,7.22,Enhancement,?,?,?,?,?,?,1272,Java,2007,RAD
549,61,1,17.91,Enhancement,?,?,MF,?,Unix,?,782,C#,2019,RAD
550,44,?,5.8,Enhancement,?,?,MF,3GL,?,?,1077,Ruby,2006,RAD
551,40,?,4.15,Enhancement,?,?,MF,3GL,Mainframe,?,119,Go,2020,Agile
552,210,1.07,11.47,New_Development,Telecommunications,?,?,?,?,5,1843,Ruby,2020,Agile
553,91,1.18,8.4,Enhancement,?,?,?,3GL,?,?,6343,C++,2003,Agile
554,26,?,10.35,Enhancement,?,?,MF,3GL,?,?,133,PHP,2001,RAD
555,9,?,6.12,Enhancement,?,Yes,?,?,?,?,45,JavaScript,2015,Agile
556,609,?,27.08,New_Development,?,Yes,Multi,4GL,Windows,?,2202,Ruby,2006,Waterfall
557,117,1.17,4.07,Enhancement,?,?,?,3GL,?,?,1287,COBOL,2009,Agile
558,169,1,9.22,New_Development,?,?,?,?,?,4,672,PHP,2012,Agile
559,77,0.95,9.12,Enhancement,Telecommunications,?,?,4GL,?,1,812,PHP,2010,RAD
560,394,1,7.92,New_Development,?,?,?,?,?,4,971,.NET,2012,Agile
561,473,1,12.5,New_Development,?,?,?,?,?,5,2982,Java,2004,RAD
562,168,1,7.2,New_Development,?,?,?,3GL,?,3,1664,JavaScript,2008,RAD
563,7,0.97,6.01,Enhancement,?,?,?,?,?,?,560,.NET,2017,RAD
564,64,1.03,12.03,Enhancement,Telecommunications,?,MR,4GL,Unix,6,2189,C#,2010,Waterfall
565,182,1.19,4.35,Enhancement,?,?,MF,3GL,Mainframe,?,547,Java,2001,Agile
566,146,1,21.22,New_Development,?,?,?,?,?,3,926,Java,2015,Waterfall
567,725,1.04,15.42,Enhancement,Telecommunications,?,MR,4GL,Unix,21,8967,Python,2016,Waterfall
568,102,1.17,3.8,Enhancement,?,Yes,?,4GL,?,?,1445,COBOL,2004,RAD
569,55,1.08,6.8,Enhancement,?,Yes,?,?,?,?,789,PHP,2006,Agile
570,718,1,5.22,Enhancement,?,?,?,?,?,?,2281,Ruby,2005,Agile
571,25,?,8.45,Enhancement,?,Yes,Multi,4GL,?,?,626,Java,2001,Waterfall
572,53,1,13.91,Enhancement,?,?,MF,?,Unix,?,159,Ruby,2005,RAD
573,87,1,12.42,Enhancement,?,?,?,?,?,?,1652,C#,2000,RAD
574,624,1,35.22,Enhancement,?,?,?,3GL,?,11,3874,Go,2016,Waterfall
575,1238,1,10.61,Enhancement,?,?,?,?,?,7,1960,PHP,2007,Agile
576,1632,1,10.62,New_Development,?,?,?,3GL,?,11,16702,Java,2010,RAD
577,136,?,19.27,Enhancement,?,Yes,Multi,4GL,?,?,1804,Ruby,2018,Waterfall
578,323,1,11.4,New_Development,?,?,?,?,?,3,1586,.NET,2000,Agile
579,607,?,3.59,Enhancement,Telecommunications,No,PC,3GL,Mainframe,15,3289,COBOL,2003,Agile
580,75,1.01,23.42,Enhancement,Telecommunications,?,PC,4GL,?,10,569,Python,2013,Waterfall
581,214,1.03,7.03,Enhancement,Telecommunications,?,?,4GL,?,7,1822,JavaScript,2016,RAD
582,105,1.24,14.69,Enhancement,?,?,?,3GL,?,?,9165,.NET,2016,RAD
583,7,1.02,10.98,Enhancement,?,?,?,?,?,?,48,JavaScript,2012,Agile
584,257,1,9.32,New_Development,?,?,?,3GL,?,2,2027,JavaScript,2011,Agile
585,62,?,1.79,Enhancement,?,?,MF,3GL,?,?,700,PHP,2014,Agile
586,291,?,16.01,Enhancement,?,?,MF,3GL,?,?,8371,C#,2019,Waterfall
587,989,1,11.18,New_Development,?,?,?,?,?,?,5968,PHP,2010,Waterfall
588,33,1.13,16.22,Enhancement,?,Yes,?,3GL,?,?,495,COBOL,2005,RAD
589,346,1,6.63,Enhancement,?,?,?,3GL,?,3,1507,PHP,2003,RAD
590,762,?,16.37,Enhancement,?,?,MF,3GL,Mainframe,30,16613,COBOL,2002,RAD
591,421,?,7.43,Enhancement,?,Yes,Multi,4GL,?,?,5086,JavaScript,2014,Waterfall
592,280,1,23.43,Enhancement,?,?,?,?,?,?,1100,PHP,2011,Waterfall
593,30,?,10.84,Enhancement,?,?,MF,3GL,?,?,255,C#,2000,Agile
594,1169,1,11.5,New_Development,?,?,?,?,?,15,10522,Java,2000,Agile
595,80,?,20.65,Enhancement,?,?,MF,3GL,Mainframe,?,210,C#,2019,Waterfall
596,109,1.23,6.05,Enhancement,?,?,?,3GL,?,?,4814,C#,2014,Waterfall
597,1986,?,12.4,Enhancement,?,?,MR,3GL,Unix,?,2258,.NET,2009,Waterfall
598,408,?,11.98,Enhancement,Telecommunications,Yes,MR,3GL,Unix,19,9075,Ruby,2013,Agile
599,551,1,6.9,New_Development,?,?,?,3GL,?,8,6050,C#,2011,Agile
600,159,1,7.59,New_Development,Banking,?,MF,?,Mainframe,5,3084,Java,2016,RAD
601,17,1.15,8.2,Enhancement,?,Yes,?,3GL,?,?,301,.NET,2002,Agile
602,74,1,8.54,Enhancement,?,?,?,?,?,6,1419,Java,2013,Agile
603,193,0.93,7.51,New_Development,Telecommunications,?,?,4GL,?,11,5690,.NET,2012,Agile
604,3210,1,11.21,New_Development,?,?,?,4GL,?,40,43300,.NET,2003,RAD
605,75,?,8.94,Enhancement,?,?,MF,3GL,Mainframe,?,496,C#,2022,Waterfall
606,118,1,4.02,Enhancement,?,?,?,?,?,5,1603,PHP,2006,Agile
607,1064,1,8.59,New_Development,?,?,?,3GL,?,?,1099,COBOL,2010,Agile
608,73,1.07,15.08,Enhancement,?,?,?,3GL,?,?,10106,Ruby,2014,RAD
609,155,?,3.1,Enhancement,?,Yes,Multi,3GL,?,?,2209,PHP,2000,RAD
610,138,0.94,27.25,Enhancement,Telecommunications,?,?,3GL,?,6,2988,.NET,2023,Waterfall
611,203,1,25.11,Enhancement,Banking,No,MF,3GL,Mainframe,?,3219,Ruby,2018,Waterfall
612,281,1,22.04,Enhancement,?,?,?,?,?,2,1608,JavaScript,2016,Waterfall
613,144,0.87,8.48,New_Development,Banking,?,MF,3GL,Mainframe,?,513,COBOL,2010,Waterfall
614,55,0.82,1.55,Enhancement,?,?,?,?,?,?,95,COBOL,2023,Agile
615,62,0.98,6.53,Enhancement,?,?,?,3GL,?,?,2602,JavaScript,2022,Agile
616,777,1,34.84,Enhancement,?,?,?,3GL,?,9,5180,COBOL,2014,Waterfall
617,84,?,11.72,Enhancement,?,Yes,Multi,4GL,?,?,304,PHP,2009,RAD
618,75,?,6.06,Enhancement,?,?,MF,3GL,Mainframe,?,465,Java,2018,Agile
619,117,1,20.7,Enhancement,Banking,?,MF,3GL,Mainframe,4,1674,JavaScript,2008,Waterfall
620,266,0.84,30.01,New_Development,Banking,?,MF,3GL,Mainframe,?,3023,PHP,2002,Waterfall
621,41,?,14.88,Enhancement,?,Yes,Multi,3GL,?,?,441,Python,2015,RAD
622,18,?,10.17,Enhancement,?,?,MF,3GL,Mainframe,?,306,Python,2018,Agile
623,4,0.94,9.07,Enhancement,?,?,?,3GL,?,?,38,JavaScript,2018,Agile
624,766,1.11,17.29,Enhancement,Telecommunications,Yes,MR,4GL,Unix,33,13183,Java,2013,Waterfall
625,201,?,16.69,Enhancement,?,Yes,Multi,4GL,?,?,2624,Ruby,2021,Waterfall
626,279,0.84,8.72,Enhancement,Telecommunications,?,?,4GL,?,4,937,Swift,2017,RAD
627,289,1.09,8.96,Enhancement,?,No,MF,3GL,?,5,8150,COBOL,2020,Agile
628,56,1.02,16.13,Enhancement,Telecommunications,?,?,3GL,?,8,3030,Java,2004,RAD
629,44,1,15.79,Enhancement,?,Yes,?,?,?,?,173,JavaScript,2012,RAD
630,247,1,34.3,New_Development,Banking,?,PC,4GL,Windows,7,1757,.NET,2002,Waterfall
631,37,?,34.21,Enhancement,?,Yes,Multi,3GL,?,?,405,JavaScript,2010,Waterfall
632,132,1.08,10.3,Enhancement,?,?,?,3GL,?,?,401,COBOL,2010,Waterfall
633,2456,1,5.27,New_Development,?,?,?,?,?,?,2464,Ruby,2012,Agile
634,226,?,11.73,Enhancement,?,No,MF,3GL,Mainframe,4,8258,Python,2013,RAD
635,219,1,3.69,New_Development,?,?,?,?,?,3,510,C#,2012,Agile
636,572,1,20.77,New_Development,?,?,?,4GL,?,8,13020,C++,2002,Waterfall
637,211,1,4.25,New_Development,?,?,?,?,?,5,3136,COBOL,2007,RAD
638,59,0.93,30.71,New_Development,Telecommunications,?,?,4GL,?,1,340,Python,2023,Waterfall
639,85,1.05,10.95,Enhancement,?,?,?,3GL,?,?,497,PHP,2009,RAD
640,39,1,31.07,Enhancement,?,?,?,3GL,?,3,1313,.NET,2008,Waterfall
641,1181,1.01,22.74,Enhancement,Telecommunications,?,PC,4GL,Windows,?,3006,COBOL,2012,Waterfall
642,582,1.04,14.4,New_Development,Telecommunications,?,?,4GL,?,5,2041,Python,2023,RAD
643,547,?,8.49,New_Development,?,Yes,MF,4GL,Unix,?,2512,PHP,2000,RAD
644,559,1,3.7,New_Development,?,?,?,3GL,?,4,3020,Ruby,2005,Agile
645,141,?,13.16,New_Development,?,No,PC,4GL,Unix,?,299,.NET,2022,Waterfall
646,19,1.19,22.91,Enhancement,?,Yes,?,?,?,?,68,PHP,2008,Waterfall
647,81,1.21,9.84,Enhancement,?,Yes,?,4GL,?,?,1168,C#,2006,Waterfall
648,985,1,11.28,Enhancement,?,?,?,?,?,?,3496,JavaScript,2017,Agile
649,326,1,3.62,New_Development,?,?,?,?,?,6,1234,Java,2018,RAD
650,141,1,9.42,New_Development,?,?,?,?,?,3,912,.NET,2013,RAD
651,93,1.18,10.47,Enhancement,?,?,?,3GL,?,?,3810,PHP,2001,Waterfall
652,128,1.03,4.76,New_Development,Telecommunications,?,PC,4GL,Unix,7,1429,PHP,2006,Agile
653,126,1.05,15.94,Enhancement,Telecommunications,?,PC,4GL,Windows,7,1665,Python,2023,Waterfall
654,389,1.05,16.5,Enhancement,?,?,MF,3GL,Unix,?,4719,Java,2015,Waterfall
655,476,1,12.56,Enhancement,?,?,?,3GL,?,8,5657,JavaScript,2019,RAD
656,57,1.05,23.79,Enhancement,?,?,MF,3GL,Unix,?,317,COBOL,2005,Waterfall
657,675,?,1.06,Enhancement,?,Yes,Multi,4GL,?,?,11186,Python,2012,Agile
658,332,?,2.38,Enhancement,?,Yes,Multi,3GL,?,?,7040,.NET,2013,Agile
659,1176,1,17.45,Enhancement,?,?,?,?,?,7,2278,COBOL,2014,RAD
660,60,1.1,5.02,Enhancement,?,Yes,?,4GL,?,?,1161,C#,2005,Agile
661,144,1.05,11.25,New_Development,Banking,?,PC,3GL,Windows,?,1035,.NET,2022,Agile
662,256,?,6.4,Enhancement,?,Yes,Multi,3GL,?,?,1231,Python,2013,Waterfall
663,267,1.07,30.29,New_Development,Banking,No,MF,4GL,Mainframe,?,1727,.NET,2007,Waterfall
664,7,?,5.0,Enhancement,?,Yes,Multi,4GL,?,?,232,JavaScript,2016,Agile
665,13,?,29.14,Enhancement,?,Yes,Multi,4GL,?,?,4,COBOL,2021,Waterfall
666,610,?,7.68,Enhancement,?,Yes,Multi,3GL,?,?,13098,JavaScript,2019,Agile
667,409,0.97,25.82,New_Development,Telecommunications,No,PC,3GL,Unix,?,8987,C#,2004,Waterfall
668,79,?,17.71,Enhancement,?,Yes,Multi,3GL,?,?,2195,C#,2014,RAD
669,264,?,12.06,Enhancement,?,?,MF,3GL,Mainframe,?,686,Go,2023,RAD
670,413,1,14.39,New_Development,?,?,?,?,?,4,743,COBOL,2010,Waterfall
671,2099,?,3.72,Enhancement,?,?,MR,3GL,Unix,?,17400,JavaScript,2010,RAD
672,269,?,5.93,Enhancement,?,?,MF,3GL,?,?,3438,Swift,2018,RAD
673,63,0.94,11.12,Enhancement,?,?,?,3GL,?,?,2391,.NET,2003,Agile
674,143,1.01,17.66,New_Development,Banking,?,MF,3GL,Mainframe,?,4380,Java,2007,RAD
675,258,1.03,9.36,New_Development,Telecommunications,?,?,3GL,?,23,5657,.NET,2021,Agile
676,130,1.02,3.62,Enhancement,?,?,?,3GL,?,?,5149,JavaScript,2008,RAD
677,27,?,9.84,Enhancement,?,Yes,Multi,4GL,?,?,436,C#,2007,Agile
678,36,?,7.68,Enhancement,?,?,MF,3GL,Mainframe,?,129,JavaScript,2011,Agile
679,150,1,27.92,Enhancement,?,?,?,?,?,?,600,.NET,2005,Waterfall
680,103,0.96,5.3,New_Development,Telecommunications,?,?,?,?,2,764,JavaScript,2019,Agile
681,151,1.22,10.33,Enhancement,?,?,MF,4GL,Unix,?,972,C#,2013,Agile
682,96,?,15.56,New_Development,?,?,MF,3GL,Mainframe,?,4550,Python,2021,Waterfall
683,82,1.09,5.37,Enhancement,?,?,MF,3GL,Unix,?,2253,JavaScript,2016,RAD
684,39,?,7.02,Enhancement,?,?,MF,3GL,Mainframe,?,516,C#,2004,Waterfall
685,79,1.08,7.94,Enhancement,?,?,?,3GL,?,?,2451,.NET,2001,RAD
686,85,1.04,6.13,Enhancement,Telecommunications,Yes,MR,4GL,Unix,11,2299,PHP,2008,Waterfall
687,21,?,33.67,Enhancement,?,?,MF,3GL,?,?,269,PHP,2002,Waterfall
688,126,1,16.76,Enhancement,?,?,?,?,?,2,354,C#,2014,Waterfall
689,364,1,12.19,Enhancement,?,?,?,3GL,?,8,3252,COBOL,2002,Waterfall
690,50,0.91,11.46,Enhancement,?,No,MF,3GL,?,2,1848,COBOL,2015,RAD
691,17,?,1.34,Enhancement,?,?,MF,3GL,?,?,458,Java,2001,Agile
692,36,?,31.49,Enhancement,?,?,MF,3GL,?,?,408,Swift,2015,Waterfall
693,78,1.03,2.28,Enhancement,?,?,?,?,?,?,950,COBOL,2012,Agile
694,191,1.16,17.42,Enhancement,Telecommunications,?,?,4GL,?,9,2952,COBOL,2010,RAD
695,900,1,1.32,New_Development,?,?,?,?,?,6,2098,.NET,2014,Agile
696,275,1.17,9.59,Enhancement,?,?,?,?,?,?,1222,PHP,2008,RAD
697,63,?,4.1,Enhancement,?,Yes,Multi,3GL,?,?,2038,PHP,2005,Agile
698,1367,1.23,11.05,New_Development,?,?,?,?,?,?,12135,Ruby,2018,Agile
699,992,?,8.42,New_Development,?,Yes,Multi,4GL,Windows,?,7800,C#,2012,Agile
700,52,?,1.86,Enhancement,?,?,MF,3GL,?,?,1486,.NET,2008,Agile
701,161,1.03,3.12,Enhancement,Telecommunications,No,MR,4GL,Unix,10,3137,JavaScript,2011,Agile
702,170,1.07,17.54,Enhancement,?,No,MF,3GL,?,2.5,2289,Python,2012,RAD
703,180,1,5.48,New_Development,?,?,?,?,?,3,463,COBOL,2009,Agile
704,60,0.87,20.82,Enhancement,Telecommunications,Yes,MR,4GL,Unix,?,304,Python,2023,Waterfall
705,97,1.05,4.03,Enhancement,Telecommunications,?,?,3GL,?,2,1239,.NET,2002,RAD
706,92,?,3.84,Enhancement,?,?,MF,3GL,Mainframe,?,6022,C#,2004,RAD
707,669,?,4.68,Enhancement,?,Yes,Multi,4GL,?,?,6814,PHP,2014,Agile
708,90,1.13,10.56,Enhancement,?,?,MF,3GL,Mainframe,?,1077,C#,2015,Agile
709,187,1,23.74,New_Development,?,?,?,?,?,2,608,JavaScript,2005,Waterfall
710,72,1.13,16.18,Enhancement,?,?,?,4GL,?,?,452,.NET,2023,RAD
711,2212,1,17.6,New_Development,?,?,?,?,?,?,5051,C#,2022,RAD
712,602,1,3.67,Enhancement,?,?,?,?,?,6,1368,C#,2014,RAD
713,13,?,10.48,Enhancement,?,Yes,?,?,?,?,207,PHP,2012,RAD
714,84,1,3.25,New_Development,?,?,?,?,?,5,498,COBOL,2007,Agile
715,84,0.87,10.3,Enhancement,Telecommunications,?,MR,4GL,Unix,7,1121,PHP,2006,Agile
716,428,1.05,3.69,Enhancement,Telecommunications,?,?,3GL,?,41,19328,Go,2023,Agile
717,656,1,18.12,Enhancement,?,?,?,?,?,4,1870,C++,2002,Waterfall
718,475,1.16,7.81,Enhancement,Telecommunications,?,MR,3GL,Unix,4,2934,PHP,2013,RAD
719,198,1.02,7.62,Enhancement,?,?,?,3GL,?,?,4263,.NET,2016,Waterfall
720,37,0.84,2.63,Enhancement,?,No,MF,3GL,?,1,297,COBOL,2007,Agile
721,749,1,4.02,Enhancement,?,?,?,?,?,8,1654,PHP,2007,Agile
722,8,0.96,9.91,Enhancement,?,Yes,?,3GL,?,?,54,COBOL,2003,Waterfall
723,629,1,5.92,New_Development,?,?,?,?,?,5,2628,C++,2000,RAD
724,1004,1,11.48,Enhancement,?,?,?,3GL,?,19,15800,Ruby,2017,Agile
725,84,?,33.44,Enhancement,?,?,MF,3GL,Mainframe,?,1078,Ruby,2006,Waterfall
726,502,1.24,3.09,Enhancement,?,?,?,3GL,?,?,21864,C#,2002,Agile
727,51,?,18.49,Enhancement,?,?,MF,3GL,?,?,948,JavaScript,2023,Waterfall
728,86,1,1.29,New_Development,Banking,?,MF,3GL,Mainframe,?,419,JavaScript,2008,Agile
729,65,?,10.9,Enhancement,Telecommunications,No,MF,4GL,Mainframe,13,2727,C#,2002,RAD
730,269,?,25.76,Enhancement,?,?,MF,3GL,Mainframe,?,866,Ruby,2012,Waterfall
731,461,1.01,17.7,Enhancement,Telecommunications,?,?,4GL,?,4,1708,Python,2014,Waterfall
732,470,1,6.76,New_Development,?,?,?,?,?,?,3712,PHP,2003,Waterfall
733,151,?,12.93,Enhancement,Telecommunications,?,?,?,?,4,1329,Go,2017,RAD
734,197,?,13.24,Enhancement,?,Yes,Multi,4GL,?,?,4027,PHP,2014,RAD
735,429,1,32.95,New_Development,?,?,?,?,?,5,2151,C#,2014,Waterfall
736,128,?,13.47,Enhancement,?,?,MF,3GL,Mainframe,?,2790,COBOL,2000,RAD
737,11,?,17.99,Enhancement,?,Yes,?,?,?,?,40,C#,2006,RAD
738,65,0.91,7.24,New_Development,Telecommunications,?,?,3GL,?,3,682,C#,2000,RAD
739,198,?,10.4,Enhancement,?,?,MF,3GL,Mainframe,?,629,JavaScript,2013,Agile
740,84,?,11.82,Enhancement,?,Yes,Multi,3GL,?,?,1888,PHP,2009,Agile
741,34,1.02,4.11,Enhancement,?,Yes,?,?,?,?,196,Python,2020,Agile
742,50,?,33.03,Enhancement,?,?,MF,3GL,?,?,1896,COBOL,2020,Waterfall
743,44,1.12,25.76,Enhancement,?,No,MF,3GL,?,2,3392,.NET,2000,Waterfall
744,11,1.08,30.13,Enhancement,?,Yes,?,?,?,?,181,COBOL,2013,Waterfall
745,55,?,8.27,Enhancement,?,No,MF,3GL,?,2,1543,JavaScript,2012,RAD
746,155,1,22.27,Enhancement,?,?,?,?,?,2,476,JavaScript,2017,Waterfall
747,29,?,32.5,Enhancement,?,?,MF,3GL,?,?,298,COBOL,2018,Waterfall
748,92,1.01,24.64,Enhancement,Telecommunications,?,?,4GL,?,5,967,.NET,2002,Waterfall
749,60,1.03,24.01,Enhancement,?,?,?,?,?,?,425,.NET,2003,Waterfall
750,201,1,7.82,Enhancement,?,?,?,?,?,7,2102,Python,2018,RAD
751,796,1.22,7.71,New_Development,Telecommunications,?,MR,?,Unix,14,5864,Java,2013,RAD
752,78,1.03,11.13,Enhancement,Telecommunications,?,PC,4GL,Windows,5,89,Swift,2022,RAD
753,21,?,3.56,Enhancement,?,?,?,3GL,?,?,897,Go,2018,Agile
754,113,0.94,19.57,New_Development,Telecommunications,?,?,4GL,?,4,1357,.NET,2008,Waterfall
755,90,?,4.03,Enhancement,?,Yes,Multi,3GL,?,?,1702,Ruby,2007,RAD
756,9,?,10.68,Enhancement,?,?,MF,3GL,Mainframe,?,107,JavaScript,2017,Agile
757,59,1.14,32.81,Enhancement,Telecommunications,?,?,3GL,?,13,4642,Ruby,2019,Waterfall
758,293,1.07,11.42,Enhancement,?,?,?,3GL,?,?,9270,Ruby,2014,RAD
759,27,1.13,2.29,Enhancement,?,?,?,4GL,?,?,91,Java,2015,Agile
760,503,1,7.95,Enhancement,?,?,?,?,?,3,482,.NET,2009,RAD
761,310,?,7.17,Enhancement,?,?,MF,3GL,Windows,15,6160,Swift,2018,Agile
762,2131,1.09,11.38,Enhancement,?,No,MF,3GL,Mainframe,4,8640,JavaScript,2018,Waterfall
763,98,1,16.38,Enhancement,?,?,?,?,?,2,636,PHP,2002,RAD
764,594,?,22.52,Enhancement,?,Yes,Multi,3GL,Windows,?,6726,PHP,2006,Waterfall
765,141,0.95,26.14,Enhancement,Telecommunications,?,?,3GL,?,7,2019,Go,2017,Waterfall
766,47,1.19,26.71,Enhancement,?,?,?,4GL,?,?,384,Java,2005,Waterfall
767,35,?,5.33,Enhancement,?,Yes,Multi,4GL,?,?,750,PHP,2003,Agile
768,176,1.15,17.93,Enhancement,?,?,MF,3GL,Unix,?,9662,PHP,2007,RAD
769,113,?,12.23,New_Development,?,Yes,MF,4GL,Unix,?,754,.NET,2011,RAD
770,95,0.98,2.35,Enhancement,Telecommunications,?,MR,3GL,Unix,7,1101,C#,2018,Agile
771,1003,?,31.8,Enhancement,Telecommunications,?,?,4GL,?,20,15794,Ruby,2009,Waterfall
772,18,?,27.99,Enhancement,?,?,MF,3GL,Mainframe,?,3002,PHP,2010,Waterfall
773,450,1.11,6.65,Enhancement,Telecommunications,Yes,MR,3GL,Unix,20,7080,.NET,2004,RAD
774,270,1.22,33.07,Enhancement,?,?,?,3GL,?,?,7837,C++,2004,Waterfall
775,55,1.04,9.75,Enhancement,Telecommunications,?,?,4GL,?,16,2098,Java,2020,Agile
776,125,1.02,30.94,Enhancement,Telecommunications,?,PC,4GL,Windows,6,1902,JavaScript,2020,Waterfall
777,300,?,12.57,Enhancement,?,?,MF,3GL,?,?,1430,COBOL,2002,Waterfall
778,18,1.17,4.26,Enhancement,?,Yes,?,4GL,?,?,864,Ruby,2020,Agile
779,39,?,10.71,Enhancement,?,?,?,3GL,?,?,2794,COBOL,2008,Agile
780,112,1,3.91,New_Development,Banking,?,MF,3GL,Mainframe,?,1622,Ruby,2023,Agile
781,140,1.06,11.49,New_Development,Telecommunications,?,MR,3GL,Unix,10,4141,C#,2019,Agile
782,227,0.93,12.18,New_Development,Banking,?,MF,3GL,Mainframe,4,1865,PHP,2001,RAD
783,893,?,13.73,Enhancement,?,Yes,Multi,4GL,?,?,7514,.NET,2001,RAD
784,641,?,33.47,Enhancement,?,Yes,Multi,4GL,?,?,20164,.NET,2003,Waterfall
785,40,1.1,2.52,Enhancement,?,?,?,3GL,?,?,7427,Java,2003,Agile
786,245,1,11.41,New_Development,?,?,?,?,?,2,268,Java,2012,RAD
787,252,1,34.52,New_Development,Banking,?,MF,3GL,Mainframe,6,2101,.NET,2006,Waterfall
788,126,1.06,31.24,New_Development,?,No,MF,3GL,Mainframe,8,7760,Python,2013,Waterfall
789,650,1,4.06,New_Development,?,?,?,?,?,7,4820,JavaScript,2018,Agile
790,101,1,4.41,Enhancement,?,?,?,?,?,2,696,.NET,2006,Agile
791,939,1,11.91,New_Development,?,?,?,?,?,?,14880,C#,2020,RAD
792,104,?,3.78,Enhancement,?,?,MF,3GL,?,?,3442,.NET,2023,Agile
793,199,?,4.29,Enhancement,?,Yes,Multi,3GL,Windows,?,1073,PHP,2014,RAD
794,219,1,10.61,New_Development,?,?,?,?,?,7,1219,Swift,2020,Agile
795,361,1,10.32,Enhancement,?,?,?,?,?,3,1848,Python,2016,Agile
796,238,?,2.63,Enhancement,?,Yes,Multi,4GL,?,?,3701,C++,2004,Agile
797,276,?,6.22,Enhancement,?,Yes,Multi,4GL,?,?,3307,C#,2004,RAD
798,3,1.11,31.04,Enhancement,?,Yes,?,4GL,?,?,105,C#,2018,Waterfall
799,128,1.13,16.18,Enhancement,?,?,MF,3GL,Mainframe,0.5,2444,PHP,2008,Waterfall
800,14,?,3.76,Enhancement,?,?,MF,3GL,Mainframe,?,160,Java,2017,Agile
801,111,1.12,11.82,Enhancement,?,?,?,3GL,?,?,619,PHP,2005,Agile
802,99,?,20.75,Enhancement,?,?,MF,3GL,Mainframe,?,224,COBOL,2019,Waterfall
803,156,?,8.16,Enhancement,?,?,MF,3GL,?,?,1520,.NET,2004,Waterfall
804,82,?,10.81,Enhancement,Telecommunications,?,?,4GL,?,6,1152,Python,2014,Agile
805,1013,1,11.09,New_Development,?,?,?,?,?,7,5880,C#,2014,RAD
806,69,0.98,3.73,Enhancement,?,?,?,3GL,?,?,2726,Java,2022,Agile
807,240,?,4.04,Enhancement,?,Yes,Multi,4GL,?,?,2131,C++,2004,RAD
808,68,?,25.57,Enhancement,Telecommunications,No,PC,4GL,Unix,?,143,.NET,2020,Waterfall
809,380,1.02,14.44,Enhancement,Telecommunications,?,?,4GL,?,7,2811,C#,2004,Waterfall
810,309,?,1.18,New_Development,?,Yes,Multi,4GL,Windows,?,1575,C++,2003,Agile
811,141,1.18,34.91,Enhancement,?,?,?,3GL,?,?,3902,PHP,2013,Waterfall
812,876,1.03,18.11,Enhancement,Telecommunications,?,MR,4GL,Unix,17,6605,Go,2022,Waterfall
813,275,1,20.32,Enhancement,?,?,?,?,?,5,931,.NET,2023,Waterfall
814,419,1.12,12.74,New_Development,Telecommunications,Yes,MR,4GL,Unix,9,3845,PHP,2014,RAD
815,374,1,6.3,New_Development,Banking,No,MF,3GL,Mainframe,11,1838,Java,2016,Agile
816,31,1,27.09,Enhancement,?,Yes,?,?,?,?,99,.NET,2000,Waterfall
817,81,1.01,3.87,Enhancement,Telecommunications,?,PC,4GL,Windows,1,80,Java,2011,Agile
818,62,?,7.97,Enhancement,?,No,PC,4GL,Unix,?,1080,JavaScript,2021,RAD
819,76,1.07,9.55,Enhancement,Telecommunications,?,MR,3GL,Unix,7,2412,Java,2010,RAD
820,150,1,12.77,Enhancement,?,?,?,?,?,2,446,.NET,2000,Waterfall
821,601,1,4.93,New_Development,?,?,?,?,?,6,1348,Python,2020,Agile
822,410,1.04,10.07,Enhancement,Telecommunications,Yes,MR,4GL,Unix,2,646,PHP,2001,Agile
823,104,1.17,33.87,Enhancement,Telecommunications,?,?,?,?,25,6987,Ruby,2007,Waterfall
824,6,1.15,12.81,Enhancement,?,Yes,?,3GL,?,?,94,Python,2021,RAD
825,60,1,5.42,Enhancement,Banking,No,MF,3GL,Mainframe,?,1102,COBOL,2019,RAD
826,132,1.02,6.21,Enhancement,?,?,?,3GL,?,?,1543,Python,2019,Agile
827,10,1.17,4.23,Enhancement,?,Yes,?,4GL,?,?,2032,Java,2022,RAD
828,47,1.11,15.81,Enhancement,?,?,?,?,?,?,354,PHP,2004,RAD
829,56,?,3.69,Enhancement,?,?,MF,3GL,?,?,1762,C#,2002,RAD
830,367,?,16.1,Enhancement,Telecommunications,Yes,PC,4GL,Windows,10,3483,JavaScript,2009,RAD
831,348,1.04,33.72,New_Development,Telecommunications,?,PC,?,Windows,22,8543,Swift,2018,Waterfall
832,131,1,7.63,Enhancement,?,?,?,?,?,1,1252,JavaScript,2013,Agile
833,58,?,15.98,Enhancement,?,?,MF,4GL,?,?,512,C#,2008,RAD
834,349,1.04,13.89,Enhancement,Telecommunications,?,MR,4GL,Unix,12,4134,Python,2015,Waterfall
835,744,1,6.48,New_Development,?,?,?,?,?,11,3439,PHP,2001,RAD
836,48,1.1,8.44,Enhancement,Telecommunications,?,PC,3GL,Windows,4,1213,Swift,2020,RAD
837,377,1.02,5.56,Enhancement,?,?,?,3GL,?,?,8437,C#,2008,Agile
838,34,?,10.84,Enhancement,?,Yes,Multi,4GL,?,?,254,.NET,2008,Agile
839,345,1.24,13.53,Enhancement,?,?,?,3GL,?,?,20859,PHP,2006,RAD
840,115,?,14.57,Enhancement,Telecommunications,?,?,4GL,?,9,1576,Java,2004,Waterfall
841,2045,?,18.97,Enhancement,?,Yes,Multi,4GL,Windows,?,3613,.NET,2011,Waterfall
842,19,1,5.54,Enhancement,?,Yes,?,?,?,?,1081,C#,2002,RAD
843,721,1,17.82,Enhancement,?,?,?,?,?,12,6552,Ruby,2023,RAD
844,42,1.27,22.43,Enhancement,?,Yes,?,3GL,?,?,296,.NET,2002,Waterfall
845,129,?,5.91,Enhancement,?,?,MF,3GL,?,?,1809,.NET,2000,Agile
846,109,?,3.4,Enhancement,?,Yes,Multi,4GL,?,?,655,PHP,2011,RAD
847,1510,?,10.56,New_Development,?,Yes,Multi,4GL,Windows,?,5740,JavaScript,2017,Agile
848,111,1.21,9.93,Enhancement,?,Yes,?,4GL,?,?,1521,Java,2018,RAD
849,309,?,15.99,Enhancement,?,Yes,Multi,3GL,Windows,?,25900,.NET,2015,RAD
850,197,1.01,12.73,Enhancement,Telecommunications,?,?,4GL,?,3,1049,Java,2010,RAD
851,18,0.74,4.66,New_Development,Banking,?,MF,3GL,Mainframe,?,1015,Ruby,2010,Agile
852,781,1,11.83,New_Development,?,?,?,3GL,?,309,45778,Java,2005,Agile
853,212,1.04,15.88,Enhancement,Telecommunications,?,MR,4GL,Unix,8,2325,C#,2019,Waterfall
854,36,?,18.15,Enhancement,?,?,MF,3GL,Mainframe,?,288,JavaScript,2008,Waterfall
855,58,1.03,6.95,Enhancement,?,?,MF,4GL,Unix,?,1694,Python,2018,Agile
856,113,1,6.63,Enhancement,?,?,?,?,?,5,1350,COBOL,2005,RAD
857,1987,?,9.74,Enhancement,?,Yes,Multi,4GL,Windows,?,3613,JavaScript,2010,Waterfall
858,100,1,9.49,New_Development,?,?,?,?,?,4,830,PHP,2005,RAD
859,4,1,29.92,Enhancement,?,Yes,?,?,?,?,8,JavaScript,2022,Waterfall
860,66,0.94,14.86,Enhancement,Telecommunications,No,PC,3GL,Mainframe,2,349,C++,2001,RAD
861,84,1.07,27.02,Enhancement,?,?,?,3GL,?,?,2113,C#,2006,Waterfall
862,18,?,2.59,Enhancement,?,Yes,Multi,4GL,?,?,783,Java,2016,Agile
863,141,?,8.04,Enhancement,?,Yes,Multi,4GL,?,?,842,C++,2004,Waterfall
864,897,?,13.2,New_Development,Telecommunications,?,?,4GL,?,2,2798,COBOL,2006,RAD
865,1174,?,10.64,Enhancement,?,?,MR,3GL,Unix,?,9200,COBOL,2016,Waterfall
866,1194,?,30.89,New_Development,?,?,PC,4GL,Windows,?,8162,JavaScript,2018,Waterfall
867,77,1.22,6.84,Enhancement,?,?,MF,4GL,Unix,?,91,Java,2015,RAD
868,324,0.96,8.03,New_Development,Telecommunications,?,MR,3GL,Unix,6,2455,C#,2001,RAD
869,306,1.05,26.01,Enhancement,?,Yes,?,3GL,?,?,2201,Java,2002,Waterfall
870,136,0.97,10.16,New_Development,Telecommunications,?,?,4GL,?,2,724,Python,2017,RAD
871,270,?,6.11,Enhancement,?,Yes,Multi,3GL,?,?,3846,JavaScript,2005,Agile
872,189,1.12,28.88,Enhancement,?,?,MF,4GL,Unix,?,1240,.NET,2006,Waterfall
873,88,0.9,2.25,Enhancement,Telecommunications,?,PC,?,Windows,9,4319,C#,2015,Agile
874,58,1.12,8.26,Enhancement,?,?,MF,4GL,Unix,?,1835,.NET,2015,Waterfall
875,231,1,6.23,New_Development,Banking,?,MF,3GL,Mainframe,4,4116,Ruby,2018,RAD
876,122,?,15.8,Enhancement,?,?,MF,3GL,Mainframe,4,948,COBOL,2000,Waterfall
877,78,?,6.72,Enhancement,Telecommunications,?,?,3GL,?,15,3227,Java,2004,RAD
878,250,?,7.08,Enhancement,?,Yes,Multi,4GL,?,?,2055,.NET,2011,Agile
879,56,0.93,4.55,Enhancement,?,?,MF,4GL,Unix,?,133,C++,2002,Agile
880,581,1.12,9.96,New_Development,Telecommunications,?,?,3GL,?,9,4352,Java,2012,RAD
881,202,1,10.9,New_Development,?,?,?,3GL,?,8,13415,Swift,2016,Waterfall
882,14,?,7.01,New_Development,?,No,PC,3GL,Unix,?,480,JavaScript,2017,Waterfall
883,105,?,6.04,Enhancement,?,Yes,Multi,3GL,?,?,610,PHP,2000,Agile
884,2468,1,3.45,New_Development,?,?,?,?,?,?,33760,C#,2021,Agile
885,44,?,10.33,Enhancement,?,Yes,Multi,3GL,?,?,73,JavaScript,2014,Agile
886,4,1.27,4.16,Enhancement,?,Yes,?,3GL,?,?,15,.NET,2022,Agile
887,137,1.06,6.61,Enhancement,Telecommunications,Yes,MR,3GL,Unix,14,2390,.NET,2010,Agile
888,131,1,11.02,Enhancement,?,?,?,?,?,5,498,Python,2019,RAD
889,263,1.08,9.9,Enhancement,Telecommunications,Yes,MR,4GL,Unix,?,4393,.NET,2003,RAD
890,305,1,12.58,New_Development,?,?,?,?,?,5,623,Java,2023,RAD
891,438,1,3.41,Enhancement,?,?,?,3GL,?,6,2142,Go,2016,RAD
892,407,1,6.92,New_Development,Banking,?,MF,3GL,Mainframe,8,9013,.NET,2020,RAD
893,213,1,10.28,New_Development,?,?,?,3GL,?,2,1025,Python,2020,Agile
894,72,1.05,8.01,Enhancement,Telecommunications,?,?,3GL,?,?,451,C#,2004,Agile
895,724,?,10.08,New_Development,?,?,MR,3GL,Unix,?,3092,.NET,2015,Waterfall
896,365,1.04,5.3,New_Development,Telecommunications,Yes,PC,4GL,Unix,4,3322,Ruby,2020,RAD
897,77,1.02,25.39,Enhancement,?,Yes,?,?,?,?,938,C#,2012,Waterfall
898,139,?,10.71,Enhancement,?,?,MF,3GL,?,?,2405,COBOL,2006,RAD
899,238,1,7.36,New_Development,?,?,?,3GL,?,3,1386,C++,2003,Agile
900,353,?,11.56,Enhancement,Telecommunications,?,?,3GL,?,24,9899,.NET,2008,Agile
901,85,?,7.71,New_Development,?,No,PC,4GL,Unix,?,1119,JavaScript,2012,RAD
902,19,?,9.29,Enhancement,?,?,MF,3GL,Mainframe,?,558,.NET,2012,RAD
903,703,1,15.13,Enhancement,?,?,?,3GL,?,8,4186,.NET,2002,RAD
904,786,1,10.47,Enhancement,?,?,?,3GL,?,5,3836,COBOL,2010,RAD
905,119,?,13.04,Enhancement,?,?,MF,3GL,Mainframe,?,2321,JavaScript,2023,RAD
906,328,1,8.1,Enhancement,?,?,?,?,?,3,864,COBOL,2013,RAD
907,53,1,17.32,New_Development,Banking,?,MF,3GL,Mainframe,3,849,Swift,2021,Waterfall
908,194,0.88,4.02,New_Development,Banking,?,MF,3GL,Mainframe,?,2853,.NET,2019,Agile
909,226,0.85,16.28,Enhancement,Telecommunications,?,?,4GL,Mainframe,4,2031,.NET,2021,Waterfall
910,36,0.69,19.72,Enhancement,?,?,?,?,?,?,297,JavaScript,2008,Waterfall
911,118,1,23.53,Enhancement,?,?,?,?,?,4,716,PHP,2002,Waterfall
912,1169,1,17.39,New_Development,?,?,?,?,?,17,4256,C++,2000,RAD
913,93,?,12.96,Enhancement,?,?,MF,3GL,?,?,2382,Java,2009,Waterfall
914,10,?,31.38,Enhancement,?,?,MF,3GL,Mainframe,?,51,C#,2005,Waterfall
915,325,1.03,3.49,Enhancement,?,Yes,?,3GL,?,?,4219,.NET,2019,Agile
916,87,?,10.22,Enhancement,?,No,MF,4GL,Unix,?,619,Java,2005,Agile
917,101,1,26.33,Enhancement,?,?,?,3GL,?,5,889,Java,2009,Waterfall
918,403,1,31.49,Enhancement,?,?,?,?,?,7,901,C#,2006,Waterfall
919,29,?,14.35,Enhancement,?,?,MF,3GL,?,?,512,C++,2004,RAD
920,115,?,11.94,Enhancement,Telecommunications,No,PC,4GL,Mainframe,?,1764,C++,2000,RAD
921,22,?,1.02,Enhancement,?,Yes,Multi,3GL,?,?,813,COBOL,2002,Agile
922,8,?,9.73,Enhancement,?,Yes,?,?,?,?,60,PHP,2003,RAD
923,177,1,1.08,New_Development,Telecommunications,?,?,4GL,?,3,789,JavaScript,2019,Agile
924,80,?,27.4,Enhancement,?,Yes,Multi,3GL,?,?,967,Java,2003,Waterfall
925,162,0.65,16.78,Enhancement,Banking,?,MF,4GL,Windows,?,774,Ruby,2017,Waterfall
926,24,1.17,4.97,Enhancement,?,Yes,?,3GL,?,?,59,.NET,2021,Agile
927,228,1.06,15.16,New_Development,?,Yes,?,3GL,?,?,4067,.NET,2018,RAD
928,1993,1,24.64,Enhancement,?,?,?,?,?,16,648,JavaScript,2020,Waterfall
929,266,1,4.41,Enhancement,?,?,?,?,?,4,238,C#,2017,Agile
930,1247,?,3.43,Enhancement,?,?,PC,3GL,Windows,22.5,12794,Java,2003,RAD
931,729,1.16,4.86,New_Development,Banking,?,MF,3GL,Mainframe,7,16179,COBOL,2004,Agile
932,113,1,10.53,New_Development,?,?,?,3GL,?,2,835,Java,2001,RAD
933,84,?,25.18,Enhancement,?,Yes,Multi,3GL,?,?,1098,Ruby,2022,Waterfall
934,80,?,33.49,Enhancement,?,?,MF,3GL,?,?,684,PHP,2010,Waterfall
935,68,?,10.36,Enhancement,?,Yes,?,?,?,?,200,Java,2012,Waterfall
936,23,?,24.62,Enhancement,?,?,MF,3GL,Mainframe,?,480,Python,2018,Waterfall
937,202,?,14.94,Enhancement,?,Yes,Multi,4GL,?,?,4985,.NET,2006,RAD
938,1417,1,8.15,New_Development,?,?,?,3GL,?,15,20762,C#,2006,RAD
939,81,1.3,7.37,Enhancement,?,?,MF,3GL,Mainframe,?,1214,C++,2004,Agile
940,99,1.09,8.26,Enhancement,?,?,MF,3GL,Unix,?,2815,JavaScript,2022,RAD
941,104,?,11.67,Enhancement,?,?,MF,3GL,Mainframe,?,7677,COBOL,2008,Agile
942,224,1,4.45,New_Development,?,?,?,3GL,?,5,2767,Java,2008,Agile
943,1028,1,4.21,New_Development,?,?,?,?,?,?,819,Swift,2016,RAD
944,146,1,31.54,Enhancement,?,?,?,?,?,2,612,COBOL,2013,Waterfall
945,400,1,7.94,Enhancement,?,?,?,?,?,10,2350,C#,2002,Agile
946,68,?,1.2,Enhancement,?,No,MF,4GL,Unix,?,385,COBOL,2001,Agile
947,31,?,14.61,Enhancement,?,Yes,Multi,4GL,?,?,1106,JavaScript,2008,RAD
948,50,?,1.63,Enhancement,?,Yes,Multi,4GL,?,?,967,.NET,2004,Agile
949,4078,1,17.18,New_Development,?,?,?,4GL,?,41,59878,C#,2017,Waterfall
950,1471,1,12.13,New_Development,Telecommunications,?,?,?,?,22,2704,Ruby,2009,RAD
951,197,1.17,10.82,Enhancement,?,?,?,?,Unix,?,1214,C#,2005,Agile
952,291,1,8.24,New_Development,?,?,?,?,?,3,710,C#,2008,RAD
